Card,Transaction Date,Post Date,Description,Category,Type,Amount,Memo
0074,12/30/2020,12/31/2020,PRITI P PATEL MD,Health & Wellness,Sale,-40.00,
0074,12/30/2020,12/31/2020,AMZN Mktp US*UI31U3C33,Merchandise & Inventory,Sale,-21.11,
0074,12/29/2020,12/30/2020,RCN*CABLE PHONE INTERN,Bills & Utilities,Sale,-42.19,
0074,12/29/2020,12/30/2020,AMZN Mktp US*Q027E8UF3,Merchandise & Inventory,Sale,-15.40,
0074,12/29/2020,12/30/2020,SOMERSET VALLEY URGENT,Health & Wellness,Sale,-60.00,
0074,12/28/2020,12/29/2020,Amazon.com*6U0PN2YF3,Merchandise & Inventory,Sale,-13.09,
0074,12/28/2020,12/29/2020,AMZN Mktp US*BD3A092V3,Merchandise & Inventory,Sale,-9.27,
0074,12/29/2020,12/29/2020,Amazon.com*EE8UG90X3,Merchandise & Inventory,Sale,-212.18,
0074,12/29/2020,12/29/2020,FOREIGN TRANSACTION FEE,Fees & Adjustments,Fee,-1.49,
0074,12/28/2020,12/29/2020,JD-PAY,Bills & Utilities,Sale,-49.78,
0074,12/27/2020,12/28/2020,GROCERY WEEE!,Food & Drink,Return,3.99,
0074,12/27/2020,12/28/2020,GROCERY WEEE!,Food & Drink,Return,2.99,
0074,12/27/2020,12/28/2020,US Mobile,Bills & Utilities,Sale,-9.07,
0074,12/25/2020,12/27/2020,Amazon Kids+*B330I6RJ3,Merchandise & Inventory,Sale,-3.19,
0074,12/27/2020,12/27/2020,FOREIGN TRANSACTION FEE,Fees & Adjustments,Fee,-0.71,
0074,12/25/2020,12/27/2020,JD-PAY,Bills & Utilities,Sale,-23.73,
0074,12/26/2020,12/27/2020,Amazon Music*JJ7RD81U3,Merchandise & Inventory,Sale,-4.25,
0074,12/26/2020,12/27/2020,Amazon.com*4E45J1IA3,Merchandise & Inventory,Sale,-10.73,
0074,12/25/2020,12/25/2020,AUTOMATIC PAYMENT - THANK,,Payment,1927.76,
0074,12/24/2020,12/25/2020,AMZN Mktp US*PL61P1F93,Merchandise & Inventory,Sale,-95.95,
0074,12/23/2020,12/25/2020,HIS*HISCOX INC,Bills & Utilities,Sale,-29.00,
0074,12/23/2020,12/24/2020,AMZN Mktp US*9H2R21AI3,Merchandise & Inventory,Sale,-7.60,
0074,12/23/2020,12/24/2020,AMZN Mktp US*0D6DR7IF3,Merchandise & Inventory,Sale,-51.95,
0074,12/23/2020,12/24/2020,NJ ANNUAL REPORT SERVICES,Bills & Utilities,Sale,-78.00,
0074,12/23/2020,12/24/2020,AMZN Mktp US*AH2NW94J3,Merchandise & Inventory,Sale,-31.98,
0074,12/23/2020,12/24/2020,AMZN Mktp US*FI26M16B3,Merchandise & Inventory,Sale,-14.92,
0074,12/22/2020,12/23/2020,NYTimes*NYTimes disc,Bills & Utilities,Sale,-4.00,
0074,12/21/2020,12/23/2020,FIRSTENERGY/EZPAYRECUR,Bills & Utilities,Sale,-98.68,
0074,12/21/2020,12/23/2020,THE HOME DEPOT 962,Repair & Maintenance,Sale,-55.96,
0074,12/21/2020,12/22/2020,AMZN Mktp US*8424S0T03,Merchandise & Inventory,Sale,-11.99,
0074,12/21/2020,12/22/2020,AMZN Mktp US*NT0GO08D3,Merchandise & Inventory,Sale,-31.98,
0074,12/21/2020,12/22/2020,TARGET        00012245,Merchandise & Inventory,Sale,-88.85,
0074,12/21/2020,12/22/2020,WAWA 8341     00083410,Gas,Sale,-28.49,
0074,12/20/2020,12/21/2020,GROCERY WEEE!,Food & Drink,Sale,-71.87,
0074,12/20/2020,12/21/2020,WOOT INC.,Merchandise & Inventory,Sale,-90.62,
0074,12/18/2020,12/20/2020,AMZN Mktp US*GS3PJ0E13,Merchandise & Inventory,Sale,-5.49,
0074,12/18/2020,12/20/2020,AMZN Mktp US*YB6I86FY3,Merchandise & Inventory,Sale,-11.02,
0074,12/20/2020,12/20/2020,Microsoft*Store,Bills & Utilities,Sale,-1.06,
0074,12/18/2020,12/20/2020,Amazon.com*BX8S83GP3,Merchandise & Inventory,Sale,-10.73,
0074,12/18/2020,12/20/2020,AMZN Mktp US*CA5T20Y43,Merchandise & Inventory,Sale,-15.86,
0074,12/17/2020,12/18/2020,MACYS   .COM,Merchandise & Inventory,Sale,-24.99,
0074,12/17/2020,12/18/2020,AMZN Mktp US*SE6OY2NX3,Merchandise & Inventory,Sale,-25.02,
0074,12/14/2020,12/16/2020,EXXONMOBIL    47524814,Gas,Sale,-42.83,
0074,12/14/2020,12/15/2020,WALGREENS #19955,Health & Wellness,Sale,-15.98,
0074,12/15/2020,12/15/2020,GRFRESHMARKET.COM,Food & Drink,Return,21.97,
0074,12/14/2020,12/15/2020,Amazon.com*V88V18EO3,Merchandise & Inventory,Sale,-12.78,
0074,12/14/2020,12/15/2020,THE WINE RACK,Food & Drink,Sale,-16.51,
0074,12/14/2020,12/14/2020,PANERA BREAD #601500 O,Food & Drink,Sale,-15.22,
0074,12/10/2020,12/13/2020,Amazon.com*N96GB3XR3,Merchandise & Inventory,Sale,-20.25,
0074,12/11/2020,12/13/2020,Amazon Prime*C261E7E43,Bills & Utilities,Sale,-13.85,
0074,12/10/2020,12/13/2020,AMZN Mktp US*LU0203I33,Merchandise & Inventory,Sale,-117.28,
0074,12/12/2020,12/13/2020,MCDONALD'S F23375,Food & Drink,Sale,-10.00,
0074,12/12/2020,12/13/2020,Amazon.com*S73HB7Q43,Merchandise & Inventory,Sale,-10.73,
0074,12/10/2020,12/11/2020,AMZN Mktp US*ER1F133A3,Merchandise & Inventory,Sale,-28.30,
0074,12/10/2020,12/11/2020,WALGREENS #19955,Health & Wellness,Sale,-5.32,
0074,12/09/2020,12/11/2020,RWJ SOMERSET HOSPITAL,Health & Wellness,Sale,-150.00,
0074,12/10/2020,12/11/2020,WALGREENS #19955,Health & Wellness,Sale,-2.00,
0074,12/10/2020,12/11/2020,WALGREENS #19955,Health & Wellness,Sale,-15.00,
0074,12/09/2020,12/10/2020,AMZN Mktp US*0V4115C43,Merchandise & Inventory,Sale,-13.85,
0074,12/09/2020,12/10/2020,MCDONALD'S F32514,Food & Drink,Sale,-21.38,
0074,12/09/2020,12/10/2020,AMZN Mktp US*FR3NB0Y53,Merchandise & Inventory,Sale,-14.91,
0074,12/09/2020,12/09/2020,GRFRESHMARKET.COM,Food & Drink,Sale,-72.40,
0074,12/08/2020,12/09/2020,AMZN Mktp US*8G4Z702M3,Merchandise & Inventory,Sale,-92.75,
0074,12/07/2020,12/08/2020,AMZN Mktp US*VY9647EI3,Merchandise & Inventory,Sale,-9.99,
0074,12/07/2020,12/08/2020,US Mobile,Bills & Utilities,Sale,-7.57,
0074,12/07/2020,12/08/2020,RUSSO BROS &amp; CO,Repair & Maintenance,Sale,-485.14,
0074,12/07/2020,12/08/2020,GAP ONLINE,Merchandise & Inventory,Sale,-41.78,
0074,12/07/2020,12/07/2020,OPTIMUM 7875,Bills & Utilities,Sale,-70.40,
0074,12/06/2020,12/07/2020,MACYS   .COM,Merchandise & Inventory,Sale,-67.97,
0074,12/06/2020,12/07/2020,Amazon.com*BL3JX4L63,Merchandise & Inventory,Sale,-10.73,
0074,12/04/2020,12/06/2020,ACI*NJM INSURANCE,Bills & Utilities,Sale,-165.00,
0074,12/05/2020,12/06/2020,CRICKET WIRELESS,Bills & Utilities,Sale,-100.00,
0074,12/04/2020,12/06/2020,GAP ONLINE,Merchandise & Inventory,Sale,-63.43,
0074,12/05/2020,12/06/2020,AMZN Mktp US*2Y3Z297S3,Merchandise & Inventory,Sale,-16.32,
0074,12/05/2020,12/06/2020,MCDONALD'S F23375,Food & Drink,Sale,-5.00,
0074,12/03/2020,12/04/2020,AMZN Mktp US*XK6368WZ3,Merchandise & Inventory,Sale,-42.63,
0074,12/03/2020,12/04/2020,CCM*SEARS WARRANTY,Bills & Utilities,Sale,-53.30,
0074,12/03/2020,12/04/2020,EXXON NJ CAFE,Food & Drink,Sale,-7.20,
0074,12/03/2020,12/04/2020,Amazon web services,Office & Shipping,Sale,-0.80,
0074,12/03/2020,12/04/2020,D J*WALL-ST-JOURNAL,Bills & Utilities,Sale,-9.99,
0074,12/02/2020,12/03/2020,ITALKBB,Bills & Utilities,Sale,-10.83,
0074,12/01/2020,12/02/2020,AMZN Mktp US*DZ4JB3Q43,Merchandise & Inventory,Sale,-26.10,
0074,12/01/2020,12/02/2020,DIGITALOCEAN.COM,Office & Shipping,Sale,-6.00,
0074,11/30/2020,12/01/2020,RCN*CABLE PHONE INTERN,Bills & Utilities,Sale,-43.35,
0074,11/29/2020,12/01/2020,WINRED* TRUMP MAKE AME,Gifts & Donations,Sale,-42.00,
0074,11/30/2020,11/30/2020,US Mobile,Bills & Utilities,Sale,-9.07,
0074,11/28/2020,11/30/2020,TURTLE BACK ZOO,Entertainment,Sale,-4.00,
0074,11/28/2020,11/29/2020,MACYS   .COM,Merchandise & Inventory,Sale,-74.63,
0074,11/27/2020,11/29/2020,GAP ONLINE,Merchandise & Inventory,Sale,-15.29,
0074,11/27/2020,11/29/2020,AMZN Mktp US*YZ7BR2LR3,Merchandise & Inventory,Sale,-13.99,
0074,11/27/2020,11/29/2020,GAP ONLINE,Merchandise & Inventory,Sale,-7.19,
0074,11/29/2020,11/29/2020,Amazon.com*Z87320L93,Merchandise & Inventory,Sale,-10.65,
0074,11/27/2020,11/29/2020,GAP ONLINE,Merchandise & Inventory,Sale,-13.47,
0074,11/27/2020,11/29/2020,BLOOMINGDALES  .COM,Merchandise & Inventory,Sale,-67.97,
0074,11/26/2020,11/27/2020,NYTimes*NYTimes disc,Bills & Utilities,Sale,-4.00,
0074,11/26/2020,11/27/2020,Express Scripts Phrmcy,Health & Wellness,Sale,-22.68,
0074,11/26/2020,11/26/2020,AUTOMATIC PAYMENT - THANK,,Payment,2193.50,
0074,11/25/2020,11/26/2020,AMZNFreeTime*ES0W167T3,Merchandise & Inventory,Sale,-3.19,
0074,11/26/2020,11/26/2020,Amazon Music*LX5JR22K3,Merchandise & Inventory,Sale,-4.25,
0074,11/23/2020,11/24/2020,HIS*HISCOX INC,Bills & Utilities,Sale,-29.00,
0074,11/23/2020,11/24/2020,FIRSTENERGY/EZPAYRECUR,Bills & Utilities,Sale,-58.98,
0074,11/22/2020,11/24/2020,LIFETOUCH NSS ONLINE PAY,Merchandise & Inventory,Sale,-73.56,
0074,11/21/2020,11/22/2020,ITALKBB,Bills & Utilities,Sale,-12.27,
0074,11/21/2020,11/22/2020,MCDONALD'S F11829,Food & Drink,Sale,-17.35,
0074,11/19/2020,11/20/2020,GROCERY WEEE!,Food & Drink,Return,1.39,
0074,11/18/2020,11/19/2020,Amazon.com*2043F5052,Merchandise & Inventory,Sale,-4.63,
0074,11/17/2020,11/18/2020,AMZN Mktp US*4332Y7QY3,Merchandise & Inventory,Sale,-10.65,
0074,11/17/2020,11/18/2020,MACYS   .COM,Merchandise & Inventory,Sale,-54.37,
0074,11/17/2020,11/18/2020,AMZN Mktp US*EW2O61QT3,Merchandise & Inventory,Sale,-261.22,
0074,11/16/2020,11/17/2020,Amazon.com*348C34LV3,Merchandise & Inventory,Sale,-3.80,
0074,11/16/2020,11/17/2020,GROCERY WEEE!,Food & Drink,Sale,-54.22,
0074,11/16/2020,11/17/2020,AMZN Mktp US*VI4QU1563,Merchandise & Inventory,Sale,-20.69,
0074,11/15/2020,11/16/2020,NEWEGG INC,Office & Shipping,Sale,-89.55,
0074,11/14/2020,11/16/2020,TASTE OF THAI,Food & Drink,Sale,-44.65,
0074,11/14/2020,11/15/2020,AMZN Mktp US*202UK0JJ0,Merchandise & Inventory,Sale,-13.71,
0074,11/12/2020,11/13/2020,AMZN Mktp US*2053T9FA1,Merchandise & Inventory,Sale,-136.09,
0074,11/12/2020,11/13/2020,EXXON NJ CAFE,Food & Drink,Sale,-5.33,
0074,11/11/2020,11/12/2020,BELMAR BOROUGH MUNICIPAL,Bills & Utilities,Sale,-46.35,
0074,11/11/2020,11/12/2020,Prime Video*287798YN0,Merchandise & Inventory,Sale,-0.99,
0074,11/11/2020,11/12/2020,Amazon Prime*286H722R2,Bills & Utilities,Sale,-13.85,
0074,11/08/2020,11/09/2020,Amazon.com*285NW97Q1,Merchandise & Inventory,Sale,-19.80,
0074,11/05/2020,11/06/2020,CRICKET WIRELESS,Bills & Utilities,Sale,-100.00,
0074,11/05/2020,11/06/2020,WALMART.COM AX,Merchandise & Inventory,Sale,-97.00,
0074,11/05/2020,11/06/2020,EXXON NJ CAFE,Food & Drink,Sale,-5.60,
0074,11/06/2020,11/06/2020,OPTIMUM 7875,Bills & Utilities,Sale,-73.49,
0074,11/04/2020,11/05/2020,WINRED* TRUMP MAKE AME,Gifts & Donations,Sale,-45.00,
0074,11/04/2020,11/05/2020,ACI*NJM INSURANCE,Bills & Utilities,Sale,-165.00,
0074,11/03/2020,11/04/2020,NJ EZPASS,Travel,Sale,-85.00,
0074,11/03/2020,11/04/2020,Amazon web services,Office & Shipping,Sale,-0.80,
0074,11/04/2020,11/04/2020,DMI* DELL CORP BUS,Office & Shipping,Sale,-106.61,
0074,11/03/2020,11/04/2020,CCM*SEARS WARRANTY,Bills & Utilities,Sale,-53.30,
0074,11/03/2020,11/04/2020,GROCERY WEEE!,Food & Drink,Sale,-40.10,
0074,11/02/2020,11/03/2020,ITALKBB,Bills & Utilities,Sale,-11.20,
0074,11/02/2020,11/03/2020,D J*WALL-ST-JOURNAL,Bills & Utilities,Sale,-9.99,
0074,11/01/2020,11/02/2020,DIGITALOCEAN.COM,Office & Shipping,Sale,-6.00,
0074,10/29/2020,11/01/2020,WINRED* TRUMP MAKE AME,Gifts & Donations,Sale,-42.00,
0074,10/31/2020,11/01/2020,MCDONALD'S F11829,Food & Drink,Sale,-14.92,
0074,10/29/2020,10/30/2020,RCN*CABLE PHONE INTERN,Bills & Utilities,Sale,-43.35,
0074,10/29/2020,10/30/2020,EXXON NJ CAFE,Food & Drink,Sale,-5.60,
0074,10/29/2020,10/30/2020,BEST BUY MHT  00005447,Merchandise & Inventory,Sale,-74.63,
0074,10/28/2020,10/29/2020,WINRED* TRUMP MAKE AME,Gifts & Donations,Sale,-45.00,
0074,10/28/2020,10/28/2020,AMZN Mktp US*2T56Z1UR2,Merchandise & Inventory,Sale,-14.47,
0074,10/26/2020,10/28/2020,NEXT DIRECTORY,Merchandise & Inventory,Sale,-88.00,
0074,10/26/2020,10/26/2020,AUTOMATIC PAYMENT - THANK,,Payment,1857.03,
0074,10/25/2020,10/26/2020,AMZNFreeTime*2T7TP8220,Merchandise & Inventory,Sale,-3.19,
0074,10/26/2020,10/26/2020,Amazon Music*2T3PV0KM0,Merchandise & Inventory,Sale,-4.25,
0074,10/23/2020,10/25/2020,HIS*HISCOX INC,Bills & Utilities,Sale,-29.00,
0074,10/22/2020,10/23/2020,Donation to the Wikimedia,Gifts & Donations,Sale,-52.00,
0074,10/22/2020,10/23/2020,EXXON NJ CAFE,Food & Drink,Sale,-5.60,
0074,10/21/2020,10/22/2020,FIRSTENERGY/EZPAYRECUR,Bills & Utilities,Sale,-60.91,
0074,10/21/2020,10/22/2020,WINRED* TRUMP MAKE AME,Gifts & Donations,Sale,-45.00,
0074,10/19/2020,10/21/2020,61707 - NORTH GARAGE,Travel,Sale,-25.00,
0074,10/21/2020,10/21/2020,AMZN Mktp US*2T1WM30P2,Merchandise & Inventory,Sale,-36.23,
0074,10/20/2020,10/21/2020,WF* WAYFAIR 3388298359,Merchandise & Inventory,Sale,-45.84,
0074,10/19/2020,10/20/2020,SPEEDWAY 03482,Gas,Sale,-28.18,
0074,10/18/2020,10/19/2020,Amazon.com*2T63Q9PB1,Merchandise & Inventory,Sale,-27.13,
0074,10/17/2020,10/19/2020,GSI Bear Mountain #10,Food & Drink,Sale,-20.00,
0074,10/18/2020,10/19/2020,GROCERY WEEE!,Food & Drink,Sale,-50.08,
0074,10/17/2020,10/19/2020,CHU'S CAFE,Food & Drink,Sale,-41.50,
0074,10/17/2020,10/18/2020,USA*SNACK SODA VENDING,Food & Drink,Sale,-1.10,
0074,10/17/2020,10/18/2020,USA*SNACK SODA VENDING,Food & Drink,Sale,-2.60,
0074,10/17/2020,10/18/2020,AMZN Mktp US*2T41V44W0,Merchandise & Inventory,Sale,-8.52,
0074,10/15/2020,10/16/2020,EXXON NJ CAFE,Food & Drink,Sale,-5.60,
0074,10/15/2020,10/16/2020,WINRED* TRUMP MAKE AME,Gifts & Donations,Sale,-45.00,
0074,10/14/2020,10/15/2020,WINRED* TRUMP MAKE AME,Gifts & Donations,Sale,-45.00,
0074,10/14/2020,10/15/2020,WALGREENS #19955,Health & Wellness,Sale,-3.72,
0074,10/13/2020,10/13/2020,AMZN Mktp US*MK1F47W11,Merchandise & Inventory,Sale,-11.04,
0074,10/13/2020,10/13/2020,AMZN Mktp US*MK44A6DZ0,Merchandise & Inventory,Sale,-20.25,
0074,10/12/2020,10/13/2020,AMZN Mktp US*MK7356RU1,Merchandise & Inventory,Sale,-325.20,
0074,10/10/2020,10/12/2020,MCDONALD'S  F1826,Food & Drink,Sale,-15.00,
0074,10/11/2020,10/12/2020,Amazon Prime*MK5NP39I1,Bills & Utilities,Sale,-13.85,
0074,10/11/2020,10/12/2020,MCDONALD'S F23375,Food & Drink,Sale,-4.36,
0074,10/12/2020,10/12/2020,Amazon.com*MK6EG46S2,Merchandise & Inventory,Sale,-17.67,
0074,10/11/2020,10/12/2020,Prime Video*MK2NC7Q32,Merchandise & Inventory,Sale,-0.99,
0074,10/08/2020,10/09/2020,EXXON NJ CAFE,Food & Drink,Sale,-7.20,
0074,10/07/2020,10/08/2020,DUNKIN #302617 Q35,Food & Drink,Sale,-5.32,
0074,10/06/2020,10/07/2020,AMZN Mktp US*MK2EN95Y1,Merchandise & Inventory,Sale,-35.30,
0074,10/06/2020,10/07/2020,AMZN Mktp US*MK3B02P42,Merchandise & Inventory,Sale,-40.50,
0074,10/07/2020,10/07/2020,OPTIMUM 7875,Bills & Utilities,Sale,-73.49,
0074,10/05/2020,10/06/2020,CCM*SEARS WARRANTY,Bills & Utilities,Sale,-53.30,
0074,10/05/2020,10/06/2020,CRICKET WIRELESS,Bills & Utilities,Sale,-100.00,
0074,10/04/2020,10/05/2020,WIGHTMAN FARMS,Food & Drink,Sale,-80.00,
0074,10/04/2020,10/05/2020,OPC*NJM Insurance,Bills & Utilities,Sale,-165.00,
0074,10/02/2020,10/04/2020,ITALKBB,Bills & Utilities,Sale,-10.79,
0074,10/03/2020,10/04/2020,MCDONALD'S F25570,Food & Drink,Sale,-13.94,
0074,10/03/2020,10/04/2020,Amazon web services,Office & Shipping,Sale,-0.80,
0074,10/02/2020,10/04/2020,GROCERY WEEE!,Food & Drink,Sale,-87.21,
0074,10/01/2020,10/02/2020,EXXON NJ CAFE,Food & Drink,Sale,-7.15,
0074,10/01/2020,10/02/2020,WALGREENS #19955,Health & Wellness,Sale,-15.98,
0074,10/01/2020,10/02/2020,DIGITALOCEAN.COM,Office & Shipping,Sale,-6.00,
0074,10/01/2020,10/02/2020,WALGREENS #19955,Health & Wellness,Sale,-1.79,
0074,09/29/2020,10/01/2020,WINRED* TRUMP MAKE AME,Gifts & Donations,Sale,-42.00,
0074,09/26/2020,09/30/2020,NEXT DIRECTORY,Merchandise & Inventory,Sale,-101.00,
0074,09/29/2020,09/30/2020,RCN*CABLE PHONE INTERN,Bills & Utilities,Sale,-46.69,
0074,09/27/2020,09/28/2020,UNIQLO BRIDGEWATER #39,Merchandise & Inventory,Return,59.70,
0074,09/26/2020,09/27/2020,Amazon Music*M401A85K0,Merchandise & Inventory,Sale,-4.25,
0074,09/25/2020,09/27/2020,AMZNFreeTime*M43IA0UF1,Merchandise & Inventory,Sale,-5.32,
0074,09/25/2020,09/27/2020,UNIQLO ECOMMERCE,Merchandise & Inventory,Sale,-59.70,
0074,09/25/2020,09/25/2020,AUTOMATIC PAYMENT - THANK,,Payment,2021.62,
0074,09/24/2020,09/25/2020,Donation to the Wikimedia,Gifts & Donations,Sale,-40.00,
0074,09/23/2020,09/24/2020,HIS*HISCOX INC,Bills & Utilities,Sale,-29.00,
0074,09/22/2020,09/23/2020,FIRSTENERGY/EZPAYRECUR,Bills & Utilities,Sale,-64.85,
0074,09/22/2020,09/23/2020,WALMART.COM AV,Merchandise & Inventory,Sale,-373.00,
0074,09/22/2020,09/23/2020,AMZN Mktp US*M412C2EW0,Merchandise & Inventory,Sale,-21.31,
0074,09/22/2020,09/23/2020,AMZN Mktp US*M49K81DQ1,Merchandise & Inventory,Sale,-84.76,
0074,09/20/2020,09/21/2020,Amazon.com*M40HH0PB2,Merchandise & Inventory,Sale,-24.51,
0074,09/19/2020,09/20/2020,GROCERY WEEE!,Food & Drink,Sale,-67.98,
0074,09/19/2020,09/20/2020,MCDONALD'S F23375,Food & Drink,Sale,-20.95,
0074,09/19/2020,09/20/2020,AMZN Mktp US*M485A61P2,Merchandise & Inventory,Sale,-30.91,
0074,09/17/2020,09/18/2020,EXXON NJ CAFE,Food & Drink,Sale,-5.60,
0074,09/17/2020,09/17/2020,Amazon.com*MU5C64R90,Merchandise & Inventory,Sale,-38.10,
0074,09/16/2020,09/17/2020,TRUMP MAKE AMERICA GREAT,Gifts & Donations,Sale,-20.00,
0074,09/13/2020,09/15/2020,61585 - LIBERTY SCIENCE C,Travel,Sale,-7.00,
0074,09/14/2020,09/14/2020,AMZN Mktp US*M43NR8351,Merchandise & Inventory,Sale,-17.41,
0074,09/12/2020,09/13/2020,DUNKIN #339397 Q35,Food & Drink,Sale,-3.50,
0074,09/12/2020,09/13/2020,DUNKIN #339397 Q35,Food & Drink,Sale,-2.13,
0074,09/12/2020,09/13/2020,GROCERY WEEE!,Food & Drink,Sale,-63.25,
0074,09/10/2020,09/11/2020,EXXON NJ CAFE,Food & Drink,Sale,-5.33,
0074,09/06/2020,09/11/2020,DUN HUANG,Food & Drink,Sale,-72.24,
0074,09/04/2020,09/10/2020,OPC*NJM Insurance,Bills & Utilities,Sale,-165.00,
0074,09/09/2020,09/10/2020,NBPA - PATERSON,Travel,Sale,-6.00,
0074,09/09/2020,09/10/2020,Amazon.com*MU7G08DP2,Merchandise & Inventory,Sale,-38.39,
0074,09/09/2020,09/09/2020,Amazon.com*MU42J9QO2,Merchandise & Inventory,Sale,-41.58,
0074,09/08/2020,09/09/2020,WALGREENS #19955,Health & Wellness,Sale,-8.29,
0074,09/06/2020,09/07/2020,H MART - EDISON,Food & Drink,Sale,-48.87,
0074,09/05/2020,09/06/2020,DUNKIN #339397 Q35,Food & Drink,Sale,-5.52,
0074,09/05/2020,09/06/2020,CRICKET WIRELESS,Bills & Utilities,Sale,-100.00,
0074,09/04/2020,09/06/2020,AMZN Mktp US*MU2V92601,Merchandise & Inventory,Sale,-10.65,
0074,09/05/2020,09/06/2020,AMZN Mktp US*MU6VJ8NP0,Merchandise & Inventory,Sale,-11.72,
0074,09/06/2020,09/06/2020,OPTIMUM 7875,Bills & Utilities,Sale,-73.49,
0074,09/04/2020,09/06/2020,AMZN Mktp US*MU9E00LC0,Merchandise & Inventory,Sale,-12.77,
0074,09/03/2020,09/04/2020,CCM*SEARS WARRANTY,Bills & Utilities,Sale,-53.30,
0074,09/03/2020,09/04/2020,AMZN Mktp US*MU59U7E32,Merchandise & Inventory,Sale,-9.99,
0074,09/03/2020,09/04/2020,Amazon web services,Office & Shipping,Sale,-0.80,
0074,09/02/2020,09/03/2020,ITALKBB,Bills & Utilities,Sale,-10.81,
0074,09/01/2020,09/02/2020,DIGITALOCEAN.COM,Office & Shipping,Sale,-6.00,
0074,08/31/2020,09/01/2020,WINRED* TRUMP MAKE AME,Gifts & Donations,Sale,-42.00,
0074,09/01/2020,09/01/2020,D J*WALL-ST-JOURNAL,Bills & Utilities,Sale,-1.00,
0074,08/31/2020,08/31/2020,PAYPAL *CLAPSQUAREL,Food & Drink,Sale,-90.50,
0074,08/29/2020,08/31/2020,WINRED* TRUMP MAKE AME,Gifts & Donations,Sale,-42.00,
0074,08/30/2020,08/31/2020,MCDONALD'S F11829,Food & Drink,Sale,-21.79,
0074,08/31/2020,08/31/2020,APPLE.COM/BILL,Merchandise & Inventory,Sale,-4.25,
0074,08/28/2020,08/30/2020,Express Scripts Phrmcy,Health & Wellness,Sale,-22.68,
0074,08/27/2020,08/28/2020,MCDONALD'S F1602,Food & Drink,Sale,-10.21,
0074,08/27/2020,08/28/2020,CHOP MONTHLY PARKING,Health & Wellness,Sale,-4.00,
0074,08/27/2020,08/28/2020,PB 185 BUERGER CENTER,Health & Wellness,Sale,-40.00,
0074,08/26/2020,08/27/2020,WALGREENS #19955,Health & Wellness,Sale,-9.57,
0074,08/26/2020,08/27/2020,THE WINE RACK,Food & Drink,Sale,-49.00,
0074,08/26/2020,08/27/2020,USPS PO 3304661414,Office & Shipping,Sale,-2.89,
0074,08/26/2020,08/26/2020,AUTOMATIC PAYMENT - THANK,,Payment,5267.36,
0074,08/25/2020,08/26/2020,WALMART.COM AY,Merchandise & Inventory,Sale,-57.58,
0074,08/26/2020,08/26/2020,Amazon Music*MU2X13CS1,Merchandise & Inventory,Sale,-4.25,
0074,08/24/2020,08/26/2020,SHELL OIL 57546224106,Gas,Sale,-39.70,
0074,08/24/2020,08/25/2020,WAWA 8341     00083410,Gas,Sale,-28.35,
0074,08/24/2020,08/25/2020,FIRSTENERGY/EZPAYRECUR,Bills & Utilities,Sale,-155.44,
0074,08/24/2020,08/24/2020,PAYPAL *EKITCHYOUZI,Repair & Maintenance,Sale,-84.99,
0074,08/22/2020,08/24/2020,PP*Borough of Spring Lake,Bills & Utilities,Sale,-20.00,
0074,08/23/2020,08/24/2020,HIS*HISCOX INC,Bills & Utilities,Sale,-29.00,
0074,08/21/2020,08/23/2020,MCDONALD'S F2063,Food & Drink,Sale,-6.92,
0074,08/21/2020,08/23/2020,ITALKBB,Bills & Utilities,Sale,-6.17,
0074,08/23/2020,08/23/2020,PANERA BREAD #601500 O,Food & Drink,Sale,-28.79,
0074,08/22/2020,08/23/2020,NJ EZPASS,Travel,Sale,-50.00,
0074,08/21/2020,08/23/2020,CHOP MONTHLY PARKING,Health & Wellness,Sale,-4.00,
0074,08/20/2020,08/20/2020,AMZN Mktp US*MM7BM00I2,Merchandise & Inventory,Sale,-117.28,
0074,08/19/2020,08/20/2020,BEST BUY MHT  00005447,Merchandise & Inventory,Return,239.50,
0074,08/19/2020,08/20/2020,CCM*SEARS WARRANTY,Bills & Utilities,Sale,-53.30,
0074,08/18/2020,08/19/2020,AMZN Mktp US*MM2FZ14Q0,Merchandise & Inventory,Sale,-15.23,
0074,08/15/2020,08/16/2020,AMZN Mktp US*MM11Y1EG1,Merchandise & Inventory,Sale,-38.37,
0074,08/12/2020,08/12/2020,GRFRESHMARKET.COM,Food & Drink,Return,7.00,
0074,08/09/2020,08/10/2020,NJ EZPASS,Travel,Sale,-50.00,
0074,08/07/2020,08/09/2020,PANERA BREAD #204405 P,Food & Drink,Sale,-23.48,
0074,08/08/2020,08/09/2020,Amazon.com*MF1FK5X52,Merchandise & Inventory,Sale,-23.94,
0074,08/07/2020,08/09/2020,NJ EZPASS,Travel,Sale,-50.00,
0074,08/07/2020,08/09/2020,BEST BUY MHT  00004838,Merchandise & Inventory,Sale,-239.50,
0074,08/07/2020,08/09/2020,SUBWAY        00506246,Food & Drink,Sale,-10.88,
0074,08/07/2020,08/07/2020,GRFRESHMARKET.COM,Food & Drink,Return,4.49,
0074,08/06/2020,08/07/2020,BRIGHT HORIZONS BACKUP,Miscellaneous,Sale,-15.00,
0074,08/07/2020,08/07/2020,GRFRESHMARKET.COM,Food & Drink,Sale,-69.93,
0074,08/06/2020,08/07/2020,Amazon.com*MF3OL4P80,Merchandise & Inventory,Sale,-13.05,
0074,08/06/2020,08/06/2020,Amazon.com*MF9973DZ1,Merchandise & Inventory,Sale,-13.05,
0074,08/05/2020,08/06/2020,Amazon.com*MF6QF5E60,Merchandise & Inventory,Sale,-14.14,
0074,08/05/2020,08/06/2020,CRICKET WIRELESS,Bills & Utilities,Sale,-100.00,
0074,08/06/2020,08/06/2020,OPTIMUM 7875,Bills & Utilities,Sale,-73.49,
0074,08/04/2020,08/05/2020,OPC*NJM Insurance,Bills & Utilities,Sale,-165.00,
0074,08/03/2020,08/04/2020,RCN*CABLE PHONE INTERN,Bills & Utilities,Sale,-50.00,
0074,08/02/2020,08/04/2020,EXXONMOBIL    47524814,Gas,Sale,-42.15,
0074,08/03/2020,08/04/2020,Amazon web services,Office & Shipping,Sale,-0.80,
0074,08/02/2020,08/03/2020,AMZN Mktp US*MF1LI6N30,Merchandise & Inventory,Sale,-20.24,
0074,08/02/2020,08/03/2020,NJ EZPASS,Travel,Sale,-50.00,
0074,08/03/2020,08/03/2020,GRFRESHMARKET.COM,Food & Drink,Return,4.49,
0074,08/02/2020,08/03/2020,ITALKBB,Bills & Utilities,Sale,-10.88,
0074,08/01/2020,08/02/2020,DIGITALOCEAN.COM,Office & Shipping,Sale,-6.00,
0074,08/02/2020,08/02/2020,BRIGHT HORIZONS BACKUP,Miscellaneous,Sale,-15.00,
0074,07/31/2020,08/02/2020,LEMONADE I* LEMONADE I,Bills & Utilities,Sale,-300.00,
0074,08/01/2020,08/02/2020,BRIGHT HORIZONS BACKUP,Miscellaneous,Sale,-15.00,
0074,07/31/2020,07/31/2020,BRIGHT HORIZONS BACKUP,Miscellaneous,Sale,-15.00,
0074,07/30/2020,07/31/2020,WF* WAYFAIR 3253261609,Merchandise & Inventory,Sale,-251.62,
0074,07/30/2020,07/31/2020,AMZN Mktp US*MV7FW8W60,Merchandise & Inventory,Sale,-19.85,
0074,07/30/2020,07/30/2020,BRIGHT HORIZONS BACKUP,Miscellaneous,Sale,-15.00,
0074,07/30/2020,07/30/2020,GRFRESHMARKET.COM,Food & Drink,Sale,-75.92,
0074,07/29/2020,07/29/2020,AMZN Mktp US*MV7K52U40,Merchandise & Inventory,Sale,-19.18,
0074,07/28/2020,07/29/2020,AMZN Mktp US*MF6HA9441,Merchandise & Inventory,Sale,-13.85,
0074,07/29/2020,07/29/2020,BRIGHT HORIZONS BACKUP,Miscellaneous,Sale,-15.00,
0074,07/27/2020,07/28/2020,INTERNAL MEDICINE ASSOCIA,Health & Wellness,Sale,-25.00,
0074,07/27/2020,07/27/2020,BRIGHT HORIZONS BACKUP,Miscellaneous,Sale,-30.00,
0074,07/26/2020,07/26/2020,AUTOMATIC PAYMENT - THANK,,Payment,1356.04,
0074,07/26/2020,07/26/2020,Amazon Music*MV26U5B72,Merchandise & Inventory,Sale,-4.25,
0074,07/24/2020,07/24/2020,BRIGHT HORIZONS BACKUP,Miscellaneous,Sale,-15.00,
0074,07/23/2020,07/24/2020,HIS*HISCOX INC,Bills & Utilities,Sale,-29.00,
0074,07/23/2020,07/23/2020,GRFRESHMARKET.COM,Food & Drink,Sale,-77.72,
0074,07/22/2020,07/23/2020,FIRSTENERGY/EZPAYRECUR,Bills & Utilities,Sale,-183.80,
0074,07/22/2020,07/23/2020,BRIGHT HORIZONS BACKUP,Miscellaneous,Sale,-15.00,
0074,07/21/2020,07/22/2020,WALGREENS #19955,Health & Wellness,Sale,-57.00,
0074,07/21/2020,07/21/2020,BRIGHT HORIZONS BACKUP,Miscellaneous,Sale,-15.00,
0074,07/20/2020,07/21/2020,AMZN Mktp US*MV1CQ4NW2,Merchandise & Inventory,Sale,-23.99,
0074,07/21/2020,07/21/2020,GOOGLE *Rovio,Professional Services,Sale,-3.19,
0074,07/17/2020,07/20/2020,SAMSCLUB.COM,Merchandise & Inventory,Return,378.39,
0074,07/19/2020,07/20/2020,AMZN Mktp US*MV38D4J60,Merchandise & Inventory,Sale,-170.57,
0074,07/18/2020,07/20/2020,MCDONALD'S F6151,Food & Drink,Sale,-18.50,
0074,07/17/2020,07/19/2020,AMZN Mktp US,Merchandise & Inventory,Return,22.38,
0074,07/18/2020,07/19/2020,AMZN Mktp US*MV6HY7OS2,Merchandise & Inventory,Sale,-26.98,
0074,07/17/2020,07/19/2020,BRIGHT HORIZONS BACKUP,Miscellaneous,Sale,-15.00,
0074,07/18/2020,07/19/2020,BRIGHT HORIZONS BACKUP,Miscellaneous,Sale,-15.00,
0074,07/16/2020,07/17/2020,WINRED* TRUMP MAKE AME,Gifts & Donations,Sale,-50.00,
0074,07/16/2020,07/17/2020,BRIGHT HORIZONS BACKUP,Miscellaneous,Sale,-15.00,
0074,07/16/2020,07/17/2020,AMZN Mktp US*MJ16P8RP2,Merchandise & Inventory,Sale,-1535.63,
0074,07/16/2020,07/17/2020,AMZN Mktp US*MJ3WL1IS2,Merchandise & Inventory,Sale,-13.85,
0074,07/14/2020,07/16/2020,SHELL OIL 57546224106,Gas,Sale,-32.35,
0074,07/15/2020,07/16/2020,BRIGHT HORIZONS BACKUP,Miscellaneous,Sale,-15.00,
0074,07/16/2020,07/16/2020,GRFRESHMARKET.COM,Food & Drink,Sale,-51.23,
0074,07/14/2020,07/15/2020,BESTBUYCOM806237470780,Merchandise & Inventory,Sale,-319.86,
0074,07/13/2020,07/15/2020,SAMSCLUB.COM,Merchandise & Inventory,Sale,-378.39,
0074,07/13/2020,07/14/2020,USPS PO 3304661414,Office & Shipping,Sale,-7.75,
0074,07/13/2020,07/14/2020,BESTBUYCOM806237923846,Merchandise & Inventory,Sale,-85.29,
0074,07/14/2020,07/14/2020,BRIGHT HORIZONS BACKUP,Miscellaneous,Sale,-15.00,
0074,07/12/2020,07/13/2020,Amazon.com*MV8298CF1,Merchandise & Inventory,Sale,-42.64,
0074,07/11/2020,07/12/2020,BRIGHT HORIZONS BACKUP,Miscellaneous,Sale,-30.00,
0074,07/11/2020,07/12/2020,AMZN Mktp US*MJ1B18DX0,Merchandise & Inventory,Sale,-437.93,
0074,07/11/2020,07/12/2020,WALGREENS #19955,Health & Wellness,Sale,-2.65,
0074,07/11/2020,07/12/2020,Amazon.com*MJ2VV3SD0,Merchandise & Inventory,Sale,-7.19,
0074,07/11/2020,07/12/2020,AMZN Mktp US*MJ6WF8SS0,Merchandise & Inventory,Sale,-15.45,
0074,07/08/2020,07/10/2020,AMZN Mktp US,Merchandise & Inventory,Return,17.05,
0074,07/10/2020,07/10/2020,GRFRESHMARKET.COM,Food & Drink,Sale,-66.96,
0074,07/06/2020,07/09/2020,AMZN Mktp US,Merchandise & Inventory,Return,36.24,
0074,07/09/2020,07/09/2020,BRIGHT HORIZONS BACKUP,Miscellaneous,Sale,-15.00,
0074,07/08/2020,07/08/2020,BRIGHT HORIZONS BACKUP,Miscellaneous,Sale,-15.00,
0074,07/07/2020,07/08/2020,HUNTERDON FAMILY DENTAL,Health & Wellness,Sale,-20.00,
0074,07/07/2020,07/08/2020,AMZN Mktp US*MJ8848X40,Merchandise & Inventory,Sale,-6.52,
0074,07/07/2020,07/07/2020,OPTIMUM 7875,Bills & Utilities,Sale,-68.49,
0074,07/06/2020,07/07/2020,WALGREENS #19955,Health & Wellness,Sale,-4.51,
0074,07/06/2020,07/07/2020,AMZN Mktp US*MJ50F70D0,Merchandise & Inventory,Sale,-15.98,
0074,07/06/2020,07/07/2020,WALGREENS #19955,Health & Wellness,Sale,-2.65,
0074,07/05/2020,07/06/2020,CRICKET WIRELESS,Bills & Utilities,Sale,-100.00,
0074,07/03/2020,07/05/2020,CCM*SEARS WARRANTY,Bills & Utilities,Sale,-53.30,
0074,07/04/2020,07/05/2020,INTUIT *TURBOTAX,Office & Shipping,Sale,-26.65,
0074,07/03/2020,07/05/2020,Amazon web services,Office & Shipping,Sale,-0.80,
0074,07/04/2020,07/05/2020,NEWEGG INC,Office & Shipping,Sale,-309.18,
0074,07/04/2020,07/05/2020,OPC*NJM Insurance,Bills & Utilities,Sale,-102.10,
0074,07/02/2020,07/03/2020,CONDO CERTS,Professional Services,Sale,-115.00,
0074,07/02/2020,07/03/2020,ITALKBB,Bills & Utilities,Sale,-10.81,
0074,07/02/2020,07/03/2020,NJ EZPASS,Travel,Sale,-50.00,
0074,07/01/2020,07/02/2020,DIGITALOCEAN.COM,Office & Shipping,Sale,-6.00,
0074,07/02/2020,07/02/2020,GRFRESHMARKET.COM,Food & Drink,Sale,-98.41,
0074,06/30/2020,07/01/2020,WALGREENS #19955,Health & Wellness,Sale,-2.99,
0074,06/30/2020,07/01/2020,AMZN Mktp US*MS0416WS0,Merchandise & Inventory,Sale,-13.99,
0074,06/30/2020,07/01/2020,WALGREENS #19955,Health & Wellness,Sale,-5.31,
0074,06/29/2020,06/30/2020,INSTANT CERTS  INC,Office & Shipping,Sale,-36.32,
0074,06/29/2020,06/30/2020,AMZN Mktp US*MS6NE2IZ2,Merchandise & Inventory,Sale,-21.31,
0074,06/29/2020,06/30/2020,NOA COPPA   *,Bills & Utilities,Sale,-0.50,
0074,06/26/2020,06/28/2020,AMZN Mktp US*MS6013SO0,Merchandise & Inventory,Sale,-13.85,
0074,06/26/2020,06/26/2020,AUTOMATIC PAYMENT - THANK,,Payment,2073.59,
0074,06/26/2020,06/26/2020,Amazon Music*MS2WD3QH2,Merchandise & Inventory,Sale,-4.25,
0074,06/25/2020,06/26/2020,THE WRITE STUFF SCHOOL SU,Office & Shipping,Sale,-78.71,
0074,06/25/2020,06/25/2020,GRFRESHMARKET.COM,Food & Drink,Sale,-82.44,
0074,06/24/2020,06/25/2020,WINRED* TRUMP MAKE AME,Gifts & Donations,Sale,-20.00,
0074,06/24/2020,06/25/2020,WINRED* TRUMP MAKE AME,Gifts & Donations,Sale,-20.00,
0074,06/23/2020,06/24/2020,HIS*HISCOX INC,Bills & Utilities,Sale,-58.08,
0074,06/23/2020,06/24/2020,FIRSTENERGY/EZPAYRECUR,Bills & Utilities,Sale,-106.30,
0074,06/21/2020,06/22/2020,NJ EZPASS,Travel,Sale,-50.00,
0074,06/22/2020,06/22/2020,AMZN Mktp US*MS4RG6XB0,Merchandise & Inventory,Sale,-12.99,
0074,06/19/2020,06/21/2020,AMZN Mktp US*MS9IT2XF1,Merchandise & Inventory,Sale,-42.60,
0074,06/20/2020,06/21/2020,Microsoft*Microsoft 365 F,Bills & Utilities,Sale,-106.61,
0074,06/18/2020,06/19/2020,AMZN Mktp US*MS9XF61C1,Merchandise & Inventory,Sale,-22.38,
0074,06/17/2020,06/17/2020,GRFRESHMARKET.COM,Food & Drink,Sale,-105.40,
0074,06/12/2020,06/12/2020,GRFRESHMARKET.COM,Food & Drink,Sale,-107.21,
0074,06/11/2020,06/11/2020,INTUIT *TURBOTAX,Office & Shipping,Sale,-47.97,
0074,06/10/2020,06/11/2020,AMZN Mktp US*MY8LW4IS1,Merchandise & Inventory,Sale,-46.60,
0074,03/31/2020,06/10/2020,GOOGLE *Rovio,Office & Shipping,Sale,-106.61,
0074,06/07/2020,06/08/2020,AMZN Mktp US*MY5P786V1,Merchandise & Inventory,Sale,-15.99,
0074,06/05/2020,06/07/2020,CRICKET WIRELESS,Bills & Utilities,Sale,-100.00,
0074,06/05/2020,06/07/2020,AMZN Mktp US*MY6JS0100,Merchandise & Inventory,Sale,-37.31,
0074,06/06/2020,06/07/2020,OPTIMUM 7875,Bills & Utilities,Sale,-68.49,
0074,06/05/2020,06/07/2020,Amazon.com*MY7C031V0,Merchandise & Inventory,Sale,-104.74,
0074,06/05/2020,06/05/2020,GRFRESHMARKET.COM,Food & Drink,Sale,-90.93,
0074,06/03/2020,06/04/2020,CCM*SEARS WARRANTY,Bills & Utilities,Sale,-53.30,
0074,06/03/2020,06/04/2020,AMZN Mktp US*MY17T51G1,Merchandise & Inventory,Sale,-35.06,
0074,06/03/2020,06/04/2020,UNIQLO ECOMMERCE,Merchandise & Inventory,Sale,-104.60,
0074,06/03/2020,06/03/2020,Amazon web services,Office & Shipping,Sale,-0.80,
0074,06/02/2020,06/03/2020,ITALKBB,Bills & Utilities,Sale,-10.96,
0074,06/02/2020,06/03/2020,Express Scripts Phrmcy,Health & Wellness,Sale,-22.68,
0074,06/02/2020,06/03/2020,AMZN Mktp US*M77V59WV2,Merchandise & Inventory,Sale,-9.48,
0074,06/01/2020,06/02/2020,DIGITALOCEAN.COM,Office & Shipping,Sale,-6.00,
0074,05/29/2020,05/31/2020,Amazon.com*M78I95RY0,Merchandise & Inventory,Sale,-33.12,
0074,05/30/2020,05/31/2020,Prime Video*MY3S244C1,Merchandise & Inventory,Sale,-2.12,
0074,05/29/2020,05/29/2020,GRFRESHMARKET.COM,Food & Drink,Sale,-92.39,
0074,05/27/2020,05/28/2020,Amazon.com*M727J2IT1,Merchandise & Inventory,Sale,-19.32,
0074,05/28/2020,05/28/2020,UBAMBOOKS,Merchandise & Inventory,Sale,-61.80,
0074,05/26/2020,05/27/2020,WF* WAYFAIR 2610437199,Merchandise & Inventory,Sale,-179.12,
0074,05/26/2020,05/27/2020,FIRSTENERGY/EZPAYRECUR,Bills & Utilities,Sale,-79.97,
0074,05/26/2020,05/26/2020,AUTOMATIC PAYMENT - THANK,,Payment,1662.60,
0074,05/25/2020,05/26/2020,AMZN Mktp US*M71H23G02,Merchandise & Inventory,Sale,-15.94,
0074,05/26/2020,05/26/2020,Amazon Music*M79O34KN1,Merchandise & Inventory,Sale,-4.25,
0074,05/25/2020,05/26/2020,NJ EZPASS,Travel,Sale,-50.00,
0074,05/23/2020,05/24/2020,GRFRESHMARKET.COM,Food & Drink,Return,20.98,
0074,05/23/2020,05/24/2020,GOOGLE *Google Play,Merchandise & Inventory,Sale,-3.19,
0074,05/21/2020,05/22/2020,ITALKBB,Bills & Utilities,Sale,-72.26,
0074,05/21/2020,05/22/2020,AMZN Mktp US*M70WE63G2,Merchandise & Inventory,Sale,-74.63,
0074,05/21/2020,05/22/2020,GRFRESHMARKET.COM,Food & Drink,Sale,-66.31,
0074,05/18/2020,05/21/2020,AMZN Mktp US,Merchandise & Inventory,Return,3.20,
0074,05/21/2020,05/21/2020,Amazon.com*M721S8NL2,Merchandise & Inventory,Sale,-34.34,
0074,05/17/2020,05/18/2020,Amazon.com*M738U0OF0,Merchandise & Inventory,Sale,-41.19,
0074,05/15/2020,05/15/2020,GRFRESHMARKET.COM,Food & Drink,Sale,-106.91,
0074,05/14/2020,05/15/2020,AMZN Mktp US*MC3JL89I1,Merchandise & Inventory,Sale,-17.99,
0074,05/13/2020,05/14/2020,AMZN Mktp US*1G1DC21M3,Merchandise & Inventory,Sale,-21.56,
0074,05/13/2020,05/14/2020,AMZN Mktp US*MC6X52SF0,Merchandise & Inventory,Sale,-27.71,
0074,05/11/2020,05/13/2020,61707 - NORTH GARAGE,Travel,Sale,-6.00,
0074,05/10/2020,05/12/2020,CHOWBUS,Food & Drink,Return,6.48,
0074,05/11/2020,05/11/2020,AMZN Mktp US*FT4AR1G63,Merchandise & Inventory,Sale,-10.88,
0074,05/11/2020,05/11/2020,AMZN Mktp US*0M0VG5X43,Merchandise & Inventory,Sale,-15.99,
0074,05/09/2020,05/10/2020,aliexpress,Merchandise & Inventory,Sale,-1.50,
0074,05/09/2020,05/10/2020,CHOWBUS,Food & Drink,Sale,-117.95,
0074,05/09/2020,05/10/2020,aliexpress,Merchandise & Inventory,Sale,-7.36,
0074,05/06/2020,05/10/2020,WAL-MART #2625,Health & Wellness,Sale,-77.62,
0074,05/06/2020,05/10/2020,WAL-MART #2625,Health & Wellness,Sale,-98.95,
0074,05/07/2020,05/10/2020,WAL-MART #2625,Merchandise & Inventory,Return,98.95,
0074,05/09/2020,05/10/2020,Amazon.com*T45YP7PO3,Merchandise & Inventory,Sale,-18.12,
0074,05/07/2020,05/08/2020,AMZN Mktp US*LR99T25E3,Merchandise & Inventory,Sale,-74.63,
0074,05/06/2020,05/08/2020,ALIEXPRESS.COM,Merchandise & Inventory,Sale,-8.53,
0074,05/06/2020,05/07/2020,AMZN Mktp US*9K4PA7FB3,Merchandise & Inventory,Sale,-31.98,
0074,05/07/2020,05/07/2020,OPTIMUM 7875,Bills & Utilities,Sale,-68.49,
0074,05/06/2020,05/07/2020,Amazon.com*S49GF2V73,Merchandise & Inventory,Sale,-85.29,
0074,05/05/2020,05/06/2020,NJ EZPASS,Travel,Sale,-25.00,
0074,05/06/2020,05/06/2020,CRICKET WIRELESS,Bills & Utilities,Sale,-100.00,
0074,05/04/2020,05/05/2020,CCM*SEARS WARRANTY,Bills & Utilities,Sale,-53.30,
0074,05/04/2020,05/05/2020,NJ EZPASS,Travel,Sale,-25.00,
0074,05/03/2020,05/04/2020,ITALKBB,Bills & Utilities,Sale,-12.56,
0074,05/03/2020,05/04/2020,AMZN Mktp US*X44NL44Y3,Merchandise & Inventory,Sale,-16.31,
0074,05/02/2020,05/03/2020,Amazon web services,Office & Shipping,Sale,-0.80,
0074,05/01/2020,05/03/2020,DIGITALOCEAN.COM,Office & Shipping,Sale,-6.00,
0074,04/30/2020,05/01/2020,GRFRESHMARKET.COM,Food & Drink,Sale,-272.15,
0074,04/30/2020,04/30/2020,AMZN Mktp US*SM4V71963,Merchandise & Inventory,Sale,-7.45,
0074,04/28/2020,04/30/2020,61707 - NORTH GARAGE,Travel,Sale,-6.00,
0074,04/30/2020,04/30/2020,Amazon.com*TA4EQ95C3,Merchandise & Inventory,Sale,-28.74,
0074,04/29/2020,04/30/2020,APPLE.COM/BILL,Merchandise & Inventory,Sale,-1.06,
0074,04/27/2020,04/29/2020,CHOWBUS,Food & Drink,Return,7.48,
0074,04/26/2020,04/27/2020,CHOWBUS,Food & Drink,Sale,-38.42,
0074,04/27/2020,04/27/2020,AMZN Digital*7Q8JM6MU3,Merchandise & Inventory,Sale,-1.06,
0074,04/26/2020,04/27/2020,AMZN Mktp US*NH8N627B3,Merchandise & Inventory,Sale,-7.74,
0074,04/26/2020,04/26/2020,AUTOMATIC PAYMENT - THANK,,Payment,916.28,
0074,04/26/2020,04/26/2020,Amazon Music*3D2DI03F3,Merchandise & Inventory,Sale,-4.25,
0074,04/24/2020,04/26/2020,CHOWBUS,Food & Drink,Sale,-43.15,
0074,04/24/2020,04/26/2020,CHOWBUS,Food & Drink,Sale,-33.37,
0074,04/21/2020,04/23/2020,EXXONMOBIL    47524814,Gas,Sale,-47.02,
0074,04/22/2020,04/23/2020,FIRSTENERGY/EZPAYRECUR,Bills & Utilities,Sale,-87.70,
0074,04/20/2020,04/21/2020,NJ EZPASS,Travel,Sale,-25.00,
0074,04/20/2020,04/21/2020,CHOWBUS,Food & Drink,Sale,-63.57,
0074,04/18/2020,04/20/2020,THE HOME DEPOT 962,Repair & Maintenance,Return,12.01,
0074,04/19/2020,04/20/2020,MAVIS TIRE 0171,Automotive,Sale,-26.65,
0074,04/18/2020,04/20/2020,THE HOME DEPOT 962,Repair & Maintenance,Sale,-4.23,
0074,04/17/2020,04/17/2020,GRFRESHMARKET.COM,Food & Drink,Sale,-253.46,
0074,04/13/2020,04/15/2020,YUNBANBAO.COM(YBB.PLUS,Professional Services,Return,7.99,
0074,04/13/2020,04/15/2020,YUNBANBAO.COM(YBB.PLUS,Professional Services,Return,7.99,
0074,04/11/2020,04/13/2020,THE HOME DEPOT 962,Repair & Maintenance,Sale,-116.96,
0074,04/11/2020,04/13/2020,YUNBANBAO.COM(YBB.PLUS,Professional Services,Sale,-102.10,
0074,04/10/2020,04/12/2020,STEAMGAMES.COM,Entertainment,Sale,-31.98,
0074,04/08/2020,04/10/2020,61707 - NORTH GARAGE,Travel,Sale,-6.00,
0074,04/08/2020,04/09/2020,SPEEDWAY 03482,Gas,Sale,-24.80,
0074,04/07/2020,04/08/2020,Amazon.com*SR6CR4PE3,Merchandise & Inventory,Sale,-30.40,
0074,04/06/2020,04/07/2020,NJ EZPASS,Travel,Sale,-25.00,
0074,04/05/2020,04/06/2020,CRICKET WIRELESS,Bills & Utilities,Sale,-100.00,
0074,04/06/2020,04/06/2020,OPTIMUM 7875,Bills & Utilities,Sale,-68.49,
0074,04/05/2020,04/06/2020,APPLE.COM/BILL,Merchandise & Inventory,Sale,-2.12,
0074,04/03/2020,04/05/2020,Amazon.com*YW4PS3O23,Merchandise & Inventory,Sale,-23.45,
0074,04/03/2020,04/05/2020,DIGITALOCEAN.COM,Office & Shipping,Sale,-6.00,
0074,04/03/2020,04/05/2020,CCM*SEARS WARRANTY,Bills & Utilities,Sale,-53.30,
0074,04/04/2020,04/05/2020,OPC*NJM Insurance,Bills & Utilities,Sale,-150.00,
0074,04/04/2020,04/05/2020,ITALKBB,Bills & Utilities,Sale,-72.40,
0074,04/03/2020,04/03/2020,Amazon web services,Office & Shipping,Sale,-0.80,
0074,03/31/2020,04/02/2020,GOOGLE *Rovio,Office & Shipping,Adjustment,106.61,
0074,04/01/2020,04/02/2020,GOOGLE*ROVIO,Entertainment,Return,4.25,
0850,03/31/2020,04/01/2020,GOOGLE *Rovio,Office & Shipping,Sale,-1.06,
0850,03/31/2020,04/01/2020,GOOGLE *Rovio,Office & Shipping,Sale,-1.06,
0850,04/01/2020,04/01/2020,GOOGLE *Rovio,Office & Shipping,Return,10.65,
0850,04/01/2020,04/01/2020,GOOGLE *Rovio,Office & Shipping,Return,106.61,
0850,04/01/2020,04/01/2020,GOOGLE *Rovio,Office & Shipping,Return,1.06,
0850,04/01/2020,04/01/2020,GOOGLE *Rovio,Office & Shipping,Return,1.06,
0850,03/31/2020,04/01/2020,GOOGLE *Rovio,Office & Shipping,Sale,-106.61,
0850,03/30/2020,03/31/2020,AMZN Mktp US*I91MP6G73,Merchandise & Inventory,Sale,-5.75,
0850,03/26/2020,03/27/2020,GOOGLE*ROVIO,Entertainment,Sale,-4.25,
0850,03/26/2020,03/26/2020,AUTOMATIC PAYMENT - THANK,,Payment,2166.96,
0850,03/26/2020,03/26/2020,Amazon Music*NT3742RA3,Merchandise & Inventory,Sale,-4.25,
0850,03/23/2020,03/24/2020,AMZN Mktp US*TT5QH2G33,Merchandise & Inventory,Sale,-20.25,
0850,03/23/2020,03/24/2020,FIRSTENERGY/EZPAYRECUR,Bills & Utilities,Sale,-94.73,
0850,03/21/2020,03/23/2020,EXXONMOBIL    47524814,Gas,Sale,-41.42,
0850,03/21/2020,03/22/2020,GOOGLE *Artem Karpenko,Office & Shipping,Sale,-5.32,
0850,03/21/2020,03/22/2020,GOOGLE *King,Office & Shipping,Sale,-2.12,
0850,03/20/2020,03/22/2020,Amazon.com*Z21YM3AF3,Merchandise & Inventory,Sale,-6.34,
0850,03/20/2020,03/22/2020,Express Scripts Phrmcy,Health & Wellness,Sale,-22.68,
0850,03/20/2020,03/20/2020,GRFRESHMARKET.COM,Food & Drink,Sale,-92.49,
0850,03/20/2020,03/20/2020,GRFRESHMARKET.COM,Food & Drink,Return,12.75,
0850,03/15/2020,03/16/2020,NETFLIX.COM,Bills & Utilities,Sale,-17.05,
0850,03/12/2020,03/15/2020,SHELL OIL 57546224106,Gas,Sale,-32.41,
0850,03/15/2020,03/15/2020,GRFRESHMARKET.COM,Food & Drink,Sale,-94.00,
0850,03/12/2020,03/13/2020,STOP &amp; SHOP 0877,Food & Drink,Sale,-81.95,
0850,03/12/2020,03/13/2020,RCN*CABLE PHONE INTERN,Bills & Utilities,Return,15.27,
0850,03/11/2020,03/12/2020,WALGREENS #19955,Health & Wellness,Sale,-52.45,
0850,03/09/2020,03/10/2020,GOGOMEDS,Health & Wellness,Sale,-20.00,
0850,03/07/2020,03/09/2020,61585 - LIBERTY SCIENCE C,Travel,Sale,-7.00,
0850,03/07/2020,03/09/2020,LIBERTY SCIENC11154044,Food & Drink,Sale,-3.20,
0850,03/07/2020,03/09/2020,LIBERTY SCIENC11154044,Food & Drink,Sale,-24.59,
0850,03/07/2020,03/09/2020,DSW BEST BUY SHOPPING CTR,Merchandise & Inventory,Sale,-79.99,
0850,03/08/2020,03/08/2020,OPTIMUM 7875,Bills & Utilities,Sale,-68.49,
0850,03/05/2020,03/06/2020,CRICKET WIRELESS,Bills & Utilities,Sale,-100.00,
0850,03/04/2020,03/06/2020,EXXONMOBIL    47513767,Gas,Sale,-40.25,
0850,03/04/2020,03/05/2020,OPC*NJM Insurance,Bills & Utilities,Sale,-144.00,
0850,03/03/2020,03/04/2020,Amazon web services,Office & Shipping,Sale,-0.80,
0850,03/03/2020,03/04/2020,CCM*SEARS WARRANTY,Bills & Utilities,Sale,-53.30,
0850,03/03/2020,03/04/2020,Amazon.com*YH6D341L3,Merchandise & Inventory,Sale,-41.58,
0850,03/03/2020,03/04/2020,ITALKBB,Bills & Utilities,Sale,-11.52,
0850,03/02/2020,03/03/2020,US Mobile,Bills & Utilities,Sale,-8.57,
0850,03/02/2020,03/03/2020,AMZN Mktp US*7V5BC08D3,Merchandise & Inventory,Sale,-36.24,
0850,03/01/2020,03/02/2020,DIGITALOCEAN.COM,Office & Shipping,Sale,-6.00,
0850,03/01/2020,03/02/2020,Google LLC GSUITE_entrepi,Bills & Utilities,Sale,-6.00,
0850,03/01/2020,03/02/2020,AMZN Mktp US*1Z27X6E23,Merchandise & Inventory,Sale,-38.86,
0850,02/29/2020,03/01/2020,AMZN Mktp US*GP61Z0LN3,Merchandise & Inventory,Sale,-15.98,
0850,02/29/2020,03/01/2020,Scholastic Education,Education,Sale,-31.04,
0850,02/28/2020,03/01/2020,WALGREENS #19955,Health & Wellness,Sale,-10.94,
0850,02/29/2020,03/01/2020,PANERA BREAD #601500 P,Food & Drink,Sale,-2.65,
0850,02/28/2020,03/01/2020,AMZN Mktp US*7Q1PB20W3,Merchandise & Inventory,Sale,-25.98,
0850,02/27/2020,02/28/2020,RCN*CABLE PHONE INTERN,Bills & Utilities,Sale,-76.35,
0850,02/27/2020,02/28/2020,Amazon.com*GS6A19BZ3,Merchandise & Inventory,Sale,-11.40,
0850,02/26/2020,02/26/2020,AUTOMATIC PAYMENT - THANK,,Payment,1185.14,
0850,02/26/2020,02/26/2020,Amazon Music*TW2PL4I33,Merchandise & Inventory,Sale,-4.25,
0850,02/23/2020,02/25/2020,SARKU JAPAN 085,Food & Drink,Sale,-11.60,
0850,02/24/2020,02/25/2020,FIRSTENERGY/EZPAYRECUR,Bills & Utilities,Sale,-96.56,
0850,02/23/2020,02/24/2020,HAAGEN DAZS 1150,Food & Drink,Sale,-4.50,
0850,02/21/2020,02/23/2020,Amazon.com*PJ9N37O83,Merchandise & Inventory,Sale,-11.61,
0850,02/20/2020,02/23/2020,61707 - NORTH GARAGE,Travel,Sale,-25.00,
0850,02/21/2020,02/23/2020,WALGREENS #19955,Health & Wellness,Sale,-5.45,
0850,02/22/2020,02/23/2020,AMZN Mktp US*0P7ZG7QY3,Merchandise & Inventory,Sale,-7.45,
0850,02/21/2020,02/23/2020,INTERNAL MEDICINE ASSOCIA,Health & Wellness,Sale,-25.00,
0850,02/21/2020,02/23/2020,ITALKBB,Bills & Utilities,Sale,-6.17,
0850,02/20/2020,02/21/2020,SPEEDWAY 03482,Gas,Sale,-32.00,
0850,02/19/2020,02/20/2020,AMZN Mktp US*U381H9RP3,Merchandise & Inventory,Sale,-1.27,
0850,02/18/2020,02/20/2020,61707 - NORTH GARAGE,Travel,Sale,-15.00,
0850,02/18/2020,02/18/2020,AMZN Mktp US*7L8812JC3,Merchandise & Inventory,Sale,-26.65,
0850,02/18/2020,02/18/2020,AMZN Mktp US*MD0EJ07Z3,Merchandise & Inventory,Sale,-28.77,
0850,02/18/2020,02/18/2020,AMZN Mktp US*XI8578P43,Merchandise & Inventory,Sale,-50.10,
0850,02/15/2020,02/17/2020,CRAYOLA EXPERIENCE,Entertainment,Sale,-13.53,
0850,02/15/2020,02/17/2020,GOOGLE*ROVIO,Entertainment,Sale,-1.06,
0850,02/15/2020,02/16/2020,NETFLIX.COM,Bills & Utilities,Sale,-17.05,
0850,02/15/2020,02/16/2020,GOOGLE *Rovio,Office & Shipping,Sale,-1.06,
0850,02/15/2020,02/16/2020,GOOGLE *Rovio,Entertainment,Sale,-10.65,
0850,02/13/2020,02/14/2020,GOOGLE *Maxim Karpenko,Office & Shipping,Sale,-8.52,
0850,02/14/2020,02/14/2020,GOOGLE *Rovio,Office & Shipping,Sale,-1.06,
0850,02/13/2020,02/13/2020,GOOGLE *Maxim Karpenko,Office & Shipping,Sale,-8.52,
0850,02/12/2020,02/13/2020,AMZN Mktp US*487JF8JA3,Merchandise & Inventory,Sale,-42.64,
0850,02/12/2020,02/13/2020,AMZN Mktp US*HU1GO7D63,Merchandise & Inventory,Sale,-31.88,
0850,02/12/2020,02/13/2020,AMZN Mktp US*VC11229K3,Merchandise & Inventory,Sale,-15.23,
0850,02/11/2020,02/12/2020,TRADER JOE'S #614,Food & Drink,Sale,-37.80,
0850,02/11/2020,02/12/2020,99 RANCH #1601,Food & Drink,Sale,-209.55,
0850,02/11/2020,02/12/2020,TARGET        00012245,Merchandise & Inventory,Sale,-3.99,
0850,02/09/2020,02/10/2020,GOOGLE*ROVIO,Entertainment,Sale,-1.06,
0850,02/09/2020,02/10/2020,SHIMON AND SARA BIRNBAUM,Miscellaneous,Sale,-180.00,
0850,02/09/2020,02/10/2020,GOOGLE*ROVIO,Entertainment,Sale,-1.06,
0850,02/10/2020,02/10/2020,AMZN Mktp US*CH5BQ4MM3,Merchandise & Inventory,Sale,-103.95,
0850,02/08/2020,02/09/2020,AMZN Mktp US*A53VO3QI3,Merchandise & Inventory,Sale,-132.82,
0850,02/07/2020,02/09/2020,AMZN Mktp US*2B2586493,Merchandise & Inventory,Sale,-39.44,
0850,02/06/2020,02/07/2020,GoFndMe* Fight Wuhan Coro,Gifts & Donations,Sale,-205.00,
0850,02/05/2020,02/07/2020,SHELL OIL 57546224106,Gas,Sale,-39.00,
0850,02/05/2020,02/06/2020,Amazon Prime*NU8AC7LD3,Bills & Utilities,Sale,-13.85,
0850,02/06/2020,02/06/2020,OPTIMUM 7875,Bills & Utilities,Sale,-68.49,
0850,02/05/2020,02/06/2020,AMZN Mktp US*LD25W9B43,Merchandise & Inventory,Sale,-35.18,
0850,02/05/2020,02/06/2020,Amazon Prime,Bills & Utilities,Return,13.85,
0850,02/05/2020,02/06/2020,CRICKET WIRELESS,Bills & Utilities,Sale,-100.00,
0850,02/04/2020,02/05/2020,OPC*NJM Insurance,Bills & Utilities,Sale,-144.00,
0850,02/03/2020,02/04/2020,CCM*SEARS WARRANTY,Bills & Utilities,Sale,-53.30,
0850,02/02/2020,02/03/2020,ITALKBB,Bills & Utilities,Sale,-11.73,
0850,02/02/2020,02/03/2020,WALGREENS #19955,Health & Wellness,Sale,-4.79,
0850,02/02/2020,02/03/2020,AMZN Mktp US*AJ17G9093,Merchandise & Inventory,Sale,-8.52,
0850,02/03/2020,02/03/2020,Amazon web services,Office & Shipping,Sale,-0.80,
0850,02/02/2020,02/03/2020,GOOGLE*GSUITE ENTREPID,Professional Services,Sale,-6.00,
0850,02/01/2020,02/02/2020,AMZN Mktp US*0B5LD9IA3,Merchandise & Inventory,Sale,-34.10,
0850,02/01/2020,02/02/2020,DIGITALOCEAN.COM,Office & Shipping,Sale,-6.00,
0850,01/31/2020,02/02/2020,WALGREENS #19955,Health & Wellness,Sale,-24.31,
0850,02/01/2020,02/02/2020,US Mobile,Bills & Utilities,Sale,-8.57,
0850,02/01/2020,02/02/2020,PANERA BREAD #601500,Food & Drink,Sale,-31.31,
0850,01/30/2020,01/31/2020,SQ *HILLS PEDIATRICS,Health & Wellness,Sale,-206.00,
0850,01/27/2020,01/29/2020,Pick A Bagel,Food & Drink,Sale,-2.45,
0850,01/28/2020,01/29/2020,AMZN Mktp US,Merchandise & Inventory,Return,171.96,
0850,01/28/2020,01/29/2020,JUSTANSWER  *LAWYER,Bills & Utilities,Sale,-36.00,
0850,01/28/2020,01/29/2020,AMZN Mktp US,Merchandise & Inventory,Return,526.56,
0850,01/27/2020,01/29/2020,61707 - NORTH GARAGE,Travel,Sale,-11.00,
0850,01/28/2020,01/29/2020,Amazon.com,Merchandise & Inventory,Return,776.23,
0850,01/28/2020,01/29/2020,AMZN Digital*ZM2EX0JI3,Merchandise & Inventory,Sale,-31.98,
0850,01/27/2020,01/28/2020,RCN*CABLE PHONE INTERN,Bills & Utilities,Sale,-53.35,
0850,01/27/2020,01/28/2020,AMZN Mktp US*OI2Y15Q13,Merchandise & Inventory,Sale,-222.85,
0850,01/26/2020,01/28/2020,SHELL OIL 57546224106,Gas,Sale,-35.86,
0850,01/27/2020,01/28/2020,NEW JERSEY E-ZPASS,Travel,Sale,-70.00,
0850,01/26/2020,01/26/2020,AUTOMATIC PAYMENT - THANK,,Payment,24495.00,
0850,01/24/2020,01/26/2020,Amazon.com,Merchandise & Inventory,Return,1.05,
0850,01/24/2020,01/26/2020,AMZN Mktp US*XK6VF5KX3,Merchandise & Inventory,Sale,-13.85,
0850,01/26/2020,01/26/2020,Amazon Music*NZ2U24TM3,Merchandise & Inventory,Sale,-4.25,
0850,01/23/2020,01/24/2020,AMZN Mktp US,Merchandise & Inventory,Return,572.44,
0850,01/22/2020,01/23/2020,FIRSTENERGY/EZPAYRECUR,Bills & Utilities,Sale,-101.90,
0850,01/21/2020,01/22/2020,UNIQLO BRIDGEWATER #39,Merchandise & Inventory,Return,104.60,
0850,01/22/2020,01/22/2020,LUNARPAGES-HOSTPAPA IN,Professional Services,Sale,-27.90,
0850,01/21/2020,01/21/2020,Amazon.com*X427Q8OT3,Merchandise & Inventory,Sale,-4.25,
0850,01/19/2020,01/19/2020,AMZN Mktp US*CH6880Y93,Merchandise & Inventory,Sale,-21.99,
0850,01/15/2020,01/19/2020,SMART LUNCHES INC.,Food & Drink,Return,3.08,
0850,01/15/2020,01/16/2020,HOW LANE PEDIATRICS,Health & Wellness,Sale,-45.00,
0850,01/15/2020,01/16/2020,NETFLIX.COM,Bills & Utilities,Sale,-17.05,
0850,01/16/2020,01/16/2020,D J*WALL-ST-JOURNAL,Bills & Utilities,Sale,-1.00,
0850,01/14/2020,01/16/2020,SOMERSET PEDIATRIC GROUP,Health & Wellness,Sale,-25.00,
0850,01/14/2020,01/15/2020,AMZN Mktp US*9A2BL9RT3,Merchandise & Inventory,Sale,-27.71,
0850,01/14/2020,01/15/2020,AMZN Mktp US*6S1XS8SI3,Merchandise & Inventory,Sale,-73.35,
0850,01/14/2020,01/15/2020,WALGREENS #19955,Health & Wellness,Sale,-45.00,
0850,01/13/2020,01/14/2020,AMZN Mktp US*EE2I09N53,Merchandise & Inventory,Sale,-15.98,
0850,01/13/2020,01/14/2020,Amazon.com*2J6CK0RC3,Merchandise & Inventory,Sale,-1.05,
0850,01/11/2020,01/12/2020,AMZN Mktp US*7Q1008CT3,Merchandise & Inventory,Sale,-13.73,
0850,01/08/2020,01/08/2020,AMZN Mktp US*WX0AZ0K63,Merchandise & Inventory,Sale,-14.81,
0850,01/07/2020,01/08/2020,Amazon.com*XW6NG3MW3,Merchandise & Inventory,Sale,-4.39,
0850,01/06/2020,01/07/2020,AUTOZONE #3284,Automotive,Sale,-49.03,
0850,01/06/2020,01/06/2020,OPTIMUM 7875,Bills & Utilities,Sale,-68.49,
0850,01/05/2020,01/06/2020,CRICKET WIRELESS,Bills & Utilities,Sale,-100.00,
0850,01/04/2020,01/06/2020,EXXONMOBIL    47975362,Gas,Sale,-29.75,
0850,01/05/2020,01/06/2020,Amazon.com*M56040CM3,Merchandise & Inventory,Sale,-42.69,
0850,01/03/2020,01/05/2020,Amazon web services,Office & Shipping,Sale,-0.80,
0850,01/05/2020,01/05/2020,AMZN Mktp US*TI5JR0X63,Merchandise & Inventory,Sale,-38.28,
0850,01/03/2020,01/05/2020,CCM*SEARS WARRANTY,Bills & Utilities,Sale,-53.30,
0850,01/04/2020,01/05/2020,AMZN Mktp US*OP3O82JM3,Merchandise & Inventory,Sale,-26.60,
0850,01/03/2020,01/05/2020,Amazon.com*PY83T5HS3,Merchandise & Inventory,Sale,-776.23,
0850,01/04/2020,01/05/2020,OPC*NJM Insurance,Bills & Utilities,Sale,-144.00,
0850,01/03/2020,01/05/2020,Amazon.com*EZ2RV3TO3,Merchandise & Inventory,Sale,-16.73,
0850,01/03/2020,01/05/2020,ITALKBB,Bills & Utilities,Sale,-10.71,
0850,01/02/2020,01/03/2020,TRADER JOE'S #614,Food & Drink,Sale,-22.70,
0850,01/02/2020,01/03/2020,GOOGLE *GSUITE_entrepi,Professional Services,Sale,-6.00,
0850,01/02/2020,01/03/2020,US Mobile,Bills & Utilities,Sale,-8.57,
0850,01/01/2020,01/03/2020,CRAYOLA EXPERIENCE,Entertainment,Sale,-22.62,
0850,01/01/2020,01/03/2020,CRAYOLA EXPERIENCE,Entertainment,Sale,-62.98,
0850,01/02/2020,01/02/2020,BRIGHT HORIZONS BACKUP,Miscellaneous,Sale,-25.00,
0850,01/01/2020,01/02/2020,DIGITALOCEAN.COM,Office & Shipping,Sale,-6.00,
0850,12/30/2019,01/01/2020,SHELL OIL 57546224106,Gas,Sale,-37.27,
0850,12/31/2019,01/01/2020,AMZN Mktp US*HR3GP75Z3,Merchandise & Inventory,Sale,-705.59,
