Cleared,12/8/19,TRADER JOE'S #614      BRIDGEWATER   NJ                 ,43.46,,Merchandise
Cleared,12/8/19,AFM OF PISCATAWAY      PISCATAWAY    NJ                 ,124.11,,Merchandise
Cleared,12/14/19,TRADER JOE'S #614      BRIDGEWATER   NJ                 ,44.07,,Merchandise
Cleared,12/1/19,"TRADER JOE'S #614      BRIDGEWATER   NJ 
",38.19,,Merchandise
Cleared,12/1/19,"99 RANCH #1601         EDISON        NJ 
",122.73,,Merchandise
Cleared,11/29/19,"UNIQLO MENLO PARK #45  EDISON        NJ 
",19.9,,Merchandise
Cleared,11/24/19,"TRADER JOE'S #614      BRIDGEWATER   NJ 
",37.89,,Merchandise
Cleared,11/20/19,"TJ MAXX #405           CLINTON       NJ 
",10.65,,Merchandise
Cleared,11/17/19,"DSW BEST BUY SHOPPING  BRIDGEWATER   NJ 
",,55.99,Merchandise
Cleared,11/16/19,"TRADER JOE'S #614      BRIDGEWATER   NJ 
",41.55,,Merchandise
Cleared,11/16/19,"99 RANCH #1601         EDISON        NJ 
",122.09,,Merchandise
Cleared,11/10/19,"HAAGEN DAZS 1150       BRIDGEWATER   NJ 
",11.49,,Merchandise
Cleared,11/9/19,"TRADER JOE'S #614      BRIDGEWATER   NJ 
",89.88,,Merchandise
Cleared,11/2/19,"LUSH BRIDGEWTR CMN (72 BRIDGEWATER   NJ 
",15.94,,Merchandise
Cleared,11/2/19,"UNIQLO BRIDGEWATER #39 BRIDGEWATER   NJ 
",29.9,,Merchandise
Cleared,11/2/19,"MADEWELL #292          BRIDGEWATER   NJ 
",38.49,,Merchandise
Cleared,11/2/19,"DSW BEST BUY SHOPPING  BRIDGEWATER   NJ 
",55.99,,Merchandise
Cleared,11/2/19,"TRADER JOE'S #614      BRIDGEWATER   NJ 
",61.2,,Merchandise
Cleared,10/30/19,"WAL-MART #2582         CLINTON       NJ 
",,26.62,Merchandise
Cleared,10/30/19,"SHOPRITE CLINTON S1    CLINTON       NJ 
",14.18,,Merchandise
Cleared,10/30/19,"WAL-MART #2582         CLINTON       NJ 
",43.03,,Merchandise
Cleared,10/27/19,"AFM OF PISCATAWAY      PISCATAWAY    NJ 
",103.98,,Merchandise
Cleared,10/20/19,"AFM OF PISCATAWAY      PISCATAWAY    NJ 
",79.52,,Merchandise
Cleared,10/13/19,"99 RANCH #1601         EDISON        NJ 
",101.79,,Merchandise
Cleared,10/5/19,"99 RANCH #1601         EDISON        NJ 
",10.69,,Merchandise
Cleared,10/5/19,"99 RANCH #1601         EDISON        NJ 
",105.97,,Merchandise
Cleared,9/29/19,"WAL-MART #2582         CLINTON       NJ 
",28.62,,Merchandise
Cleared,9/28/19,"99 RANCH #1601         EDISON        NJ 
",201.71,,Merchandise
Cleared,9/15/19,"TJ MAXX #870           BRIDGEWATER   NJ 
",55.63,,Merchandise
Cleared,9/15/19,"AFM OF PISCATAWAY      PISCATAWAY    NJ 
",80.17,,Merchandise
Cleared,9/14/19,"WAL-MART #2582         CLINTON       NJ 
",78.79,,Merchandise
Cleared,9/7/19,"99 RANCH #1601         EDISON        NJ 
",5.4,,Merchandise
Cleared,9/7/19,"99 RANCH #1601         EDISON        NJ 
",101.62,,Merchandise
Cleared,9/1/19,"99 RANCH #1601         EDISON        NJ 
",200.65,,Merchandise
Cleared,8/30/19,"UNIQLO BRIDGEWATER #39 BRIDGEWATER   NJ 
",,16.9,Merchandise
Cleared,8/30/19,"TJ MAXX #870           BRIDGEWATER   NJ 
",19.99,,Merchandise
Cleared,8/25/19,"AFM OF PISCATAWAY      PISCATAWAY    NJ 
",86.23,,Merchandise
Cleared,8/18/19,"UNIQLO BRIDGEWATER #39 BRIDGEWATER   NJ 
",16.9,,Merchandise
Cleared,8/18/19,"AFM OF NORTH PLAINFIEL NORTH PLAINFI NJ 
",128.83,,Merchandise
Cleared,8/16/19,"WAL-MART #2582         CLINTON       NJ 
",46.34,,Merchandise
Cleared,8/10/19,"99 RANCH #1601         EDISON        NJ 
",4.05,,Merchandise
Cleared,8/10/19,"99 RANCH #1601         EDISON        NJ 
",11.85,,Merchandise
Cleared,8/10/19,"99 RANCH #1601         EDISON        NJ 
",105.22,,Merchandise
Cleared,8/8/19,"WAL-MART #2582         CLINTON       NJ 
",74.41,,Merchandise
Cleared,8/3/19,"AFM OF PISCATAWAY      PISCATAWAY    NJ 
",112.06,,Merchandise
Cleared,7/27/19,"99 RANCH #1601         EDISON        NJ 
",10.66,,Merchandise
Cleared,7/27/19,"99 RANCH #1601         EDISON        NJ 
",123.17,,Merchandise
Cleared,7/27/19,"RAYMOUR & FLANIGAN A0  NORTH PLAINFI NJ 
","1,837.03",,Merchandise
Cleared,7/24/19,"SHOPRITE CLINTON S1    CLINTON       NJ 
",91.07,,Merchandise
Cleared,7/21/19,"99 RANCH #1601         EDISON        NJ 
",151.92,,Merchandise
Cleared,7/17/19,"SMITHS FOOD #4182      ROCK SPRINGS  WY 
",11.82,,Merchandise
Cleared,7/16/19,"SMITHS FOOD #4182      ROCK SPRINGS  WY 
",16.84,,Merchandise
Cleared,7/15/19,"WAL-MART #1461         ROCK SPRINGS  WY 
",10.21,,Merchandise
Cleared,7/14/19,"TARGET        00012245 BRIDGEWATER   NJ 
",2.93,,Merchandise
Cleared,7/14/19,"AFM OF PISCATAWAY      PISCATAWAY    NJ 
",135.69,,Merchandise
Cleared,7/7/19,"AFM OF PISCATAWAY      PISCATAWAY    NJ 
",39.82,,Merchandise
Cleared,7/5/19,"WAL-MART #2582         CLINTON       NJ 
",25.85,,Merchandise
Cleared,7/4/19,"HAAGEN DAZS 1150       BRIDGEWATER   NJ 
",9.75,,Merchandise
Cleared,7/4/19,"UNIQLO BRIDGEWATER #39 BRIDGEWATER   NJ 
",11.8,,Merchandise
Cleared,7/2/19,"aliexpress             San Mateo     CA 
",11.75,,Merchandise
Cleared,6/30/19,"99 RANCH #1601         EDISON        NJ 
",161.73,,Merchandise
Cleared,6/29/19,"TJ MAXX #405           CLINTON       NJ 
",7.99,,Merchandise
Cleared,6/29/19,"SHOPRITE CLINTON S1    CLINTON       NJ 
",123.58,,Merchandise
Cleared,6/26/19,"SHOPRITE CLINTON S1    CLINTON       NJ 
",50.78,,Merchandise
Cleared,6/23/19,"AFM OF PISCATAWAY      PISCATAWAY    NJ 
",3.99,,Merchandise
Cleared,6/23/19,"AFM OF PISCATAWAY      PISCATAWAY    NJ 
",107.75,,Merchandise
Cleared,6/22/19,"HAAGEN DAZS 1150       BRIDGEWATER   NJ 
",8,,Merchandise
Cleared,6/22/19,"LUSH BRIDGEWTR CMN (72 BRIDGEWATER   NJ 
",15.94,,Merchandise
Cleared,6/22/19,"TJ MAXX #405           CLINTON       NJ 
",42.24,,Merchandise
Cleared,6/22/19,"SHOPRITE CLINTON S1    CLINTON       NJ 
",65.4,,Merchandise
Cleared,6/16/19,"99 RANCH #1601         EDISON        NJ 
",140.73,,Merchandise
Cleared,6/15/19,"WAL-MART #2582         CLINTON       NJ 
",19.74,,Merchandise
Cleared,6/15/19,"SHOPRITE CLINTON S1    CLINTON       NJ 
",59.72,,Merchandise
Cleared,6/8/19,"BOURBON ST WINE & SPIR CLINTON       NJ 
",49.02,,Merchandise
Cleared,6/8/19,"SHOPRITE CLINTON S1    CLINTON       NJ 
",64.85,,Merchandise
Cleared,6/2/19,"99 RANCH #1601         EDISON        NJ 
",0.8,,Merchandise
Cleared,6/2/19,"UNIQLO BRIDGEWATER #39 BRIDGEWATER   NJ 
",19.9,,Merchandise
Cleared,6/2/19,"99 RANCH #1601         EDISON        NJ 
",120.02,,Merchandise
Cleared,5/31/19,"WAL-MART #2582         CLINTON       NJ 
",12.4,,Merchandise
Cleared,5/24/19,"TARGET        00012245 BRIDGEWATER   NJ 
",30.75,,Merchandise
Cleared,5/19/19,"SHOPRITE OLD POST S1   EDISON        NJ 
",50.37,,Merchandise
Cleared,5/19/19,"99 RANCH #1601         EDISON        NJ 
",152.74,,Merchandise
Cleared,5/18/19,"HAAGEN DAZS 1150       BRIDGEWATER   NJ 
",8,,Merchandise
Cleared,5/12/19,"H MART EDISON          EDISON        NJ 
",95.13,,Merchandise
Cleared,5/12/19,"TOUS LES JOURS         EDISON        NJ 
",7.25,,Merchandise
Cleared,5/11/19,"WAL-MART #2582         CLINTON       NJ 
",30.94,,Merchandise
Cleared,5/11/19,"SHOPRITE CLINTON S1    CLINTON       NJ 
",93.66,,Merchandise
Cleared,5/5/19,"99 RANCH #1601         EDISON        NJ 
",2.8,,Merchandise
Cleared,5/5/19,"99 RANCH #1601         EDISON        NJ 
",102.58,,Merchandise
Cleared,5/4/19,"SHOPRITE CLINTON S1    CLINTON       NJ 
",112.06,,Merchandise
Cleared,4/13/19,"WAL-MART #2582         CLINTON       NJ 
",0.78,,Merchandise
Cleared,4/13/19,"WAL-MART #2582         CLINTON       NJ 
",9.34,,Merchandise
Cleared,4/13/19,"SHOPRITE CLINTON S1    CLINTON       NJ 
",77.87,,Merchandise
Cleared,4/7/19,"HAAGEN DAZS 1150       BRIDGEWATER   NJ 
",10.96,,Merchandise
Cleared,4/7/19,"AFM OF PISCATAWAY      PISCATAWAY    NJ 
",91.19,,Merchandise
Cleared,4/3/19,"WHOLEFDS EYE #10385    UPPER ARLINGT OH 
",6.98,,Merchandise
Cleared,4/1/19,"WAL-MART #2582         CLINTON       NJ 
",62.1,,Merchandise
Cleared,3/31/19,"99 RANCH #1601         EDISON        NJ 
",147.72,,Merchandise
Cleared,3/30/19,"WAL-MART #2582         CLINTON       NJ 
",23.41,,Merchandise
Cleared,3/30/19,"SHOPRITE CLINTON S1    CLINTON       NJ 
",49.27,,Merchandise
Cleared,3/26/19,"WAL-MART #2582         CLINTON       NJ 
",27.37,,Merchandise
Cleared,3/26/19,"WAL-MART #2582         CLINTON       NJ 
",75.16,,Merchandise
Cleared,3/24/19,"AFM OF PISCATAWAY      PISCATAWAY    NJ 
",95.52,,Merchandise
Cleared,3/22/19,"HOUSTON 0387A          HOUSTON       TX 
",15.13,,Merchandise
Cleared,3/16/19,"SHOPRITE CLINTON S1    CLINTON       NJ 
",84.13,,Merchandise
Cleared,3/11/19,"WAL-MART #2582         CLINTON       NJ 
",11.85,,Merchandise
Cleared,3/10/19,"AFM OF PISCATAWAY      PISCATAWAY    NJ 
",96.64,,Merchandise
Cleared,3/3/19,"TARGET        00012245 BRIDGEWATER   NJ 
",3.57,,Merchandise
Cleared,3/3/19,"WHOLEFDS BRW#10639     BOUND BROOK   NJ 
",41.26,,Merchandise
Cleared,2/26/19,"WAL-MART #2582         CLINTON       NJ 
",1.09,,Merchandise
Cleared,2/24/19,"AFM OF PISCATAWAY      PISCATAWAY    NJ 
",13.98,,Merchandise
Cleared,2/24/19,"AFM OF PISCATAWAY      PISCATAWAY    NJ 
",84.18,,Merchandise
Cleared,2/23/19,"WAL-MART #2582         CLINTON       NJ 
",3.28,,Merchandise
Cleared,2/23/19,"SHOPRITE CLINTON S1    CLINTON       NJ 
",60.32,,Merchandise
Cleared,2/19/19,"WAL-MART #2582         CLINTON       NJ 
",35.78,,Merchandise
Cleared,2/18/19,"SHOPRITE CLINTON S1    CLINTON       NJ 
",75.59,,Merchandise
Cleared,2/17/19,"AFM OF PISCATAWAY      PISCATAWAY    NJ 
",173.38,,Merchandise
Cleared,2/9/19,"WAL-MART #2582         CLINTON       NJ 
",37.11,,Merchandise
Cleared,2/9/19,"SHOPRITE CLINTON S1    CLINTON       NJ 
",92.85,,Merchandise
Cleared,2/3/19,"AFM OF PISCATAWAY      PISCATAWAY    NJ 
",146.05,,Merchandise
Cleared,2/2/19,"SHOPRITE CLINTON S1    CLINTON       NJ 
",113.55,,Merchandise
Cleared,1/27/19,"SHOPRITE CLINTON S1    CLINTON       NJ 
",26.03,,Merchandise
Cleared,1/19/19,"SHOPRITE CLINTON S1    CLINTON       NJ 
",94,,Merchandise
Cleared,1/13/19,"AFM OF PISCATAWAY      PISCATAWAY    NJ 
",57.84,,Merchandise
Cleared,1/12/19,"TJ MAXX #405           CLINTON       NJ 
",13.84,,Merchandise
Cleared,1/12/19,"SHOPRITE CLINTON S1    CLINTON       NJ 
",93.45,,Merchandise
Cleared,1/6/19,"HANNA ANDERSSON BRIDGE BRIDGEWATER   NJ 
",16.6,,Merchandise
Cleared,1/6/19,"99 RANCH #1601         EDISON        NJ 
",140.84,,Merchandise
Cleared,1/1/19,"WHOLEFDS MBN 10312     VAUXHALL      NJ 
",48.86,,Merchandise
,,,,,
,,,,,
,,,,,
Cleared,12/6/19,INTERNAL MEDICINE ASSO FAR HILLS     NJ                 ,25,,Health Care
Cleared,12/6/19,CHOP PHYSICIANS ONLINE PHILADELPHIA  PA                 ,192.3,,Health Care
Cleared,10/26/19,"ADVOCARE SINATRA & PEN BERNARDSVILLE NJ 
",25,,Health Care
Cleared,10/14/19,"CHOP MONTHLY PARKING   PHILADELPHIA  PA 
",4,,Health Care
Cleared,10/8/19,"UNIVERSITY CHILDRENS E E BRUNSWICK   NJ 
",40,,Health Care
Cleared,9/14/19,"RITE AID STORE - 2614  BASKING RIDGE NJ 
",7.99,,Health Care
Cleared,8/27/19,"UNIVERSITY CHILDRENS E E BRUNSWICK   NJ 
",40,,Health Care
Cleared,8/23/19,"HUNTERDON FAMILY DENTA LEBANON       NJ 
",87.4,,Health Care
Cleared,8/20/19,"HUNTERDON PEDIATRIC AS CLINTON       NJ 
",20,,Health Care
Cleared,8/4/19,"CVS/PHARMACY #06063    BEDMINSTER    NJ 
",10.61,,Health Care
Cleared,7/23/19,"HUNTERDON PEDIATRIC AS CLINTON       NJ 
",25,,Health Care
Cleared,7/23/19,"ADVOCARE PEDIATRIC EYE MORRISTOWN    NJ 
",40,,Health Care
Cleared,7/23/19,"PEDIATRIC EYE PHYSICIA MORRISTOWN    NJ 
",80,,Health Care
Cleared,7/6/19,"HUNTERDON PEDIATRIC AS FLEMINGTON    NJ 
",25,,Health Care
Cleared,6/18/19,"HUNTERDON PEDIATRIC AS CLINTON       NJ 
",25,,Health Care
Cleared,5/2/19,"HUNTERDON HEALTHCARE C FLEMINGTON    NJ 
",19.3,,Health Care
Cleared,3/30/19,"HUNTERDON FAMILY DENTA LEBANON       NJ 
",261,,Health Care
Cleared,3/16/19,"CIGNA PHARM OF PA      SIOUX FALLS   SD 
",1.06,,Health Care
Cleared,3/13/19,"HUNTERDON PEDIATRIC AS FLEMINGTON    NJ 
",25,,Health Care
Cleared,3/11/19,"HUNTERDON FAMILY MEDIC CLINTON       NJ 
",25,,Health Care
Cleared,2/25/19,"HUNTERDON FAMILY MEDIC WASHINGTON    NJ 
",25,,Health Care
Cleared,2/19/19,"HUNTERDON FAMILY MEDIC CLINTON       NJ 
",25,,Health Care
Cleared,2/8/19,"CIGNA PHARM OF PA      SIOUX FALLS   SD 
",1.06,,Health Care
Cleared,1/9/19,"HUNTERDON SPECIALTY CA FLEMINGTON    NJ 
",40,,Health Care
,,,,,
,,,,,
Cleared,11/10/19,"SHIMON AND SARA BIRNBA 9087256994    NJ 
",180,,Organizations
Cleared,11/8/19,"SCHOLASTIC BOOK FAIRS  LAKE MARY     FL 
",22,,Organizations
,,,,,
Cleared,11/21/19,"USPS PO 3304661414     BASKING RIDGE NJ 
",7.35,,Services
Cleared,10/16/19,"USPS PO 3302100302     ANNANDALE     NJ 
",8.54,,Services
,,,,,
Cleared,12/7/19,PANERA BREAD #601500   BASKING RIDGE NJ                 ,34.38,,Restaurants
Cleared,12/8/19,MCDONALD'S F23375      BRIDGEWATER   NJ                 ,11.81,,Restaurants
Cleared,12/12/19,EXXON CLINTON 197929 9 ANNANDALE     XXXX-XXXX-XXXX-9559,6.39,,Restaurants
Cleared,12/15/19,CHUCK E CHEESE  512    BRIDGEWATER   NJ                 ,9.05,,Restaurants
Cleared,12/15/19,CHUCK E CHEESE  512    BRIDGEWATER   NJ                 ,12,,Restaurants
Cleared,12/2/19,"TST* SUNMERRY BAKERY   EDISON        NJ 
",25.64,,Restaurants
Cleared,12/1/19,"MCDONALD'S F23375      BRIDGEWATER   NJ 
",10.75,,Restaurants
Cleared,11/24/19,"RUBY THAI KITCHEN      EDISON        NJ 
",15.97,,Restaurants
Cleared,11/16/19,"MCDONALD'S F23375      BRIDGEWATER   NJ 
",10.75,,Restaurants
Cleared,11/14/19,"EXXON CLINTON 10197929 ANNANDALE     NJ 
",4.54,,Restaurants
Cleared,11/2/19,"MCDONALD'S F23375      BRIDGEWATER   NJ 
",9.68,,Restaurants
Cleared,10/27/19,"KI KU HIBACHI & SUSHI  BEDMINSTER    NJ 
",40.48,,Restaurants
Cleared,10/25/19,"EXXON CLINTON 197929 9 ANNANDALE        
Digital Account Number XXXXXXXXXXXX121
",5.34,,Restaurants
Cleared,10/22/19,"EXXON CLINTON 197929 9 ANNANDALE        
Digital Account Number XXXXXXXXXXXX121
",8.73,,Restaurants
Cleared,10/20/19,"PANERA BREAD #601492   PISCATAWAY    NJ 
",14.04,,Restaurants
Cleared,10/13/19,"MCDONALD'S F23375      BRIDGEWATER   NJ 
",10.95,,Restaurants
Cleared,9/28/19,"MCDONALD'S F23375      BRIDGEWATER   NJ 
",15.52,,Restaurants
Cleared,9/27/19,"EXXON CLINTON 197929 9 ANNANDALE        
Digital Account Number XXXXXXXXXXXX121
",4.7,,Restaurants
Cleared,9/15/19,"MCDONALD'S F23375      BRIDGEWATER   NJ 
",10.75,,Restaurants
Cleared,9/8/19,"NEW YORK DUN HUANG INC BROOKLYN      NY 
",22.7,,Restaurants
Cleared,9/3/19,"EXXON CLINTON 197929 9 ANNANDALE        
Digital Account Number XXXXXXXXXXXX121
",2.04,,Restaurants
Cleared,9/3/19,"EXXON CLINTON 197929 9 ANNANDALE        
Digital Account Number XXXXXXXXXXXX121
",2.78,,Restaurants
Cleared,9/1/19,"MCDONALD'S F23375      BRIDGEWATER   NJ 
",17.23,,Restaurants
Cleared,8/30/19,"VENETO RISTORANTE      BASKING RIDGE NJ 
",5.48,,Restaurants
Cleared,8/28/19,"EXXON CLINTON 197929 9 ANNANDALE        
Digital Account Number XXXXXXXXXXXX121
",4.69,,Restaurants
Cleared,8/27/19,"EXXON CLINTON 197929 9 ANNANDALE        
Digital Account Number XXXXXXXXXXXX121
",1.92,,Restaurants
Cleared,8/26/19,"EXXON CLINTON 197929 9 ANNANDALE        
Digital Account Number XXXXXXXXXXXX121
",4.69,,Restaurants
Cleared,8/23/19,"EXXON CLINTON 197929 9 ANNANDALE        
Digital Account Number XXXXXXXXXXXX121
",1.21,,Restaurants
Cleared,8/6/19,"EXXON CLINTON 197929 9 ANNANDALE        
Digital Account Number XXXXXXXXXXXX121
",8.71,,Restaurants
Cleared,8/3/19,"PANERA BREAD #601492   PISCATAWAY    NJ 
",23.1,,Restaurants
Cleared,7/31/19,"EXXON CLINTON 197929 9 ANNANDALE        
Digital Account Number XXXXXXXXXXXX121
",1.9,,Restaurants
Cleared,7/28/19,"TST* SUNMERRY BAKERY   EDISON        NJ 
",37.73,,Restaurants
Cleared,7/12/19,"CHU S CAFE             BASKING RIDGE NJ 
",51.1,,Restaurants
Cleared,7/12/19,"CHU S CAFE             BASKING RIDGE NJ 
",65.4,,Restaurants
Cleared,7/8/19,"EXXON CLINTON 197929 9 ANNANDALE        
Digital Account Number XXXXXXXXXXXX121
",1.67,,Restaurants
Cleared,7/7/19,"PANERA BREAD #601492   PISCATAWAY    NJ 
",15.97,,Restaurants
Cleared,7/5/19,"PANERA BREAD #601500   BASKING RIDGE NJ 
",18.52,,Restaurants
Cleared,6/30/19,"MCDONALD'S F23375      BRIDGEWATER   NJ 
",18.3,,Restaurants
Cleared,6/23/19,"PANERA BREAD #601492   PISCATAWAY    NJ 
",26.09,,Restaurants
Cleared,6/16/19,"CHUNG SOL GARDEN       EDISON        NJ 
",32.7,,Restaurants
Cleared,6/11/19,"EXXON CLINTON 197929 9 ANNANDALE        
Digital Account Number XXXXXXXXXXXX121
",5.9,,Restaurants
Cleared,6/2/19,"PENANG STREET SOUTHEAS EDISON        NJ 
",22.37,,Restaurants
Cleared,5/30/19,"EXXON CLINTON 197929 9 ANNANDALE        
Digital Account Number XXXXXXXXXXXX121
",6.39,,Restaurants
Cleared,5/29/19,"EXXON CLINTON 197929 9 ANNANDALE        
Digital Account Number XXXXXXXXXXXX121
",6.13,,Restaurants
Cleared,5/22/19,"MCDONALD'S F11829      CLINTON       NJ 
",3.19,,Restaurants
Cleared,5/19/19,"NOODLE PLUS.           EDISON        NJ 
",28.36,,Restaurants
Cleared,5/18/19,"SARKU JAPAN SUSHI      BRIDGEWATER   NJ 
",9.48,,Restaurants
Cleared,5/15/19,"MCDONALD'S F11829      CLINTON       NJ 
",3.19,,Restaurants
Cleared,5/12/19,"DUN HUANG              EDISON        NJ 
",31.78,,Restaurants
Cleared,5/5/19,"NOODLE PLUS.           EDISON        NJ 
",27.88,,Restaurants
Cleared,5/2/19,"EXXON CLINTON 197929 9 ANNANDALE        
Digital Account Number XXXXXXXXXXXX121
",6.34,,Restaurants
Cleared,5/1/19,"EXXON CLINTON 197929 9 ANNANDALE        
Digital Account Number XXXXXXXXXXXX121
",5.43,,Restaurants
Cleared,4/27/19,"MCDONALD'S F11829      CLINTON       NJ 
",21.37,,Restaurants
Cleared,4/25/19,"EXXON CLINTON 197929 9 ANNANDALE        
Digital Account Number XXXXXXXXXXXX121
",5.09,,Restaurants
Cleared,4/22/19,"EXXON CLINTON 197929 9 ANNANDALE        
Digital Account Number XXXXXXXXXXXX121
",5.72,,Restaurants
Cleared,4/15/19,"EXXON CLINTON 197929 9 ANNANDALE        
Digital Account Number XXXXXXXXXXXX121
",5.28,,Restaurants
Cleared,4/12/19,"EXXON CLINTON 197929 9 ANNANDALE        
Digital Account Number XXXXXXXXXXXX121
",8.71,,Restaurants
Cleared,4/11/19,"EXXON CLINTON 197929 9 ANNANDALE        
Digital Account Number XXXXXXXXXXXX121
",6.07,,Restaurants
Cleared,4/10/19,"EXXON CLINTON 197929 9 ANNANDALE        
Digital Account Number XXXXXXXXXXXX121
",6.38,,Restaurants
Cleared,4/7/19,"AUNTIE ANNE'S # NJ 121 BRIDGEWATER   NJ 
",6.17,,Restaurants
Cleared,4/5/19,"EXXON CLINTON 197929 9 ANNANDALE        
Digital Account Number XXXXXXXXXXXX121
",6.25,,Restaurants
Cleared,3/27/19,"EXXON CLINTON 197929 9 ANNANDALE        
Digital Account Number XXXXXXXXXXXX121
",4,,Restaurants
Cleared,3/16/19,"JUST CHILL FROZEN YOGU CLINTON       NJ 
",4.25,,Restaurants
Cleared,3/16/19,"SQU*SQ *THE STONE BEAN Clinton       NJ 
",13.22,,Restaurants
Cleared,3/10/19,"PANERA BREAD #601500   BASKING RIDGE NJ 
",28.63,,Restaurants
Cleared,3/8/19,"CIRCA                  HIGH BRIDGE   NJ 
",13.9,,Restaurants
Cleared,3/8/19,"EXXON CLINTON 197929 9 ANNANDALE        
Digital Account Number XXXXXXXXXXXX121
",5.58,,Restaurants
Cleared,3/7/19,"EXXON CLINTON 197929 9 ANNANDALE        
Digital Account Number XXXXXXXXXXXX121
",3.87,,Restaurants
Cleared,3/5/19,"EXXON CLINTON 197929 9 ANNANDALE        
Digital Account Number XXXXXXXXXXXX121
",4,,Restaurants
Cleared,3/4/19,"EXXON CLINTON 197929 9 ANNANDALE        
Digital Account Number XXXXXXXXXXXX121
",2.08,,Restaurants
Cleared,3/1/19,"EXXON CLINTON 197929 9 ANNANDALE        
Digital Account Number XXXXXXXXXXXX121
",2.08,,Restaurants
Cleared,2/28/19,"EXXON CLINTON 197929 9 ANNANDALE        
Digital Account Number XXXXXXXXXXXX121
",1.36,,Restaurants
Cleared,2/28/19,"EXXON CLINTON 197929 9 ANNANDALE        
Digital Account Number XXXXXXXXXXXX121
",2.08,,Restaurants
Cleared,2/27/19,"EXXON CLINTON 197929 9 ANNANDALE        
Digital Account Number XXXXXXXXXXXX121
",2.24,,Restaurants
Cleared,2/24/19,"PANERA BREAD #601500   BASKING RIDGE NJ 
",34.06,,Restaurants
Cleared,2/21/19,"EXXON CLINTON 197929 9 ANNANDALE        
Digital Account Number XXXXXXXXXXXX121
",8.71,,Restaurants
Cleared,2/18/19,"EXXON CLINTON 197929 9 ANNANDALE        
Digital Account Number XXXXXXXXXXXX121
",6.28,,Restaurants
Cleared,2/17/19,"PANERA BREAD #601492 P PISCATAWAY    NJ 
",3.6,,Restaurants
Cleared,2/17/19,"PANERA BREAD #601492   PISCATAWAY    NJ 
",15.44,,Restaurants
Cleared,2/16/19,"CITISPOT               CLINTON       NJ 
",7.17,,Restaurants
Cleared,2/15/19,"EXXON CLINTON 197929 9 ANNANDALE        
Digital Account Number XXXXXXXXXXXX121
",5.07,,Restaurants
Cleared,2/3/19,"PANERA BREAD #601492   PISCATAWAY    NJ 
",19.04,,Restaurants
Cleared,2/1/19,"EXXON CLINTON 197929 9 ANNANDALE        
Digital Account Number XXXXXXXXXXXX121
",4.76,,Restaurants
Cleared,1/31/19,"EXXON CLINTON 197929 9 ANNANDALE        
Digital Account Number XXXXXXXXXXXX121
",2.24,,Restaurants
Cleared,1/30/19,"EXXON CLINTON 197929 9 ANNANDALE        
Digital Account Number XXXXXXXXXXXX121
",1.78,,Restaurants
Cleared,1/29/19,"EXXON CLINTON 197929 9 ANNANDALE        
Digital Account Number XXXXXXXXXXXX121
",2.16,,Restaurants
Cleared,1/28/19,"EXXON CLINTON 197929 9 ANNANDALE        
Digital Account Number XXXXXXXXXXXX121
",2.44,,Restaurants
Cleared,1/26/19,"CHUCK E CHEESE  512    BRIDGEWATER   NJ 
",16,,Restaurants
Cleared,1/25/19,"EXXON CLINTON 197929 9 ANNANDALE        
Digital Account Number XXXXXXXXXXXX121
",1.64,,Restaurants
Cleared,1/24/19,"EXXON CLINTON 197929 9 ANNANDALE        
Digital Account Number XXXXXXXXXXXX121
",2.46,,Restaurants
Cleared,1/17/19,"EXXON CLINTON 197929 9 ANNANDALE        
Digital Account Number XXXXXXXXXXXX121
",5.32,,Restaurants
Cleared,1/16/19,"EXXON CLINTON 197929 9 ANNANDALE        
Digital Account Number XXXXXXXXXXXX121
",4.02,,Restaurants
Cleared,1/15/19,"EXXON CLINTON 197929 9 ANNANDALE        
Digital Account Number XXXXXXXXXXXX121
",5.33,,Restaurants
Cleared,1/14/19,"EXXON CLINTON 197929 9 ANNANDALE        
Digital Account Number XXXXXXXXXXXX121
",8.73,,Restaurants
Cleared,1/13/19,"PANERA BREAD #601492   PISCATAWAY    NJ 
",16.39,,Restaurants
Cleared,1/11/19,"EXXON CLINTON 197929 9 ANNANDALE        
Digital Account Number XXXXXXXXXXXX121
",4.47,,Restaurants
Cleared,1/9/19,"EXXON CLINTON 197929 9 ANNANDALE        
Digital Account Number XXXXXXXXXXXX121
",4.62,,Restaurants
Cleared,1/8/19,"EXXON CLINTON 197929 9 ANNANDALE        
Digital Account Number XXXXXXXXXXXX121
",5.11,,Restaurants
Cleared,1/7/19,"EXXON CLINTON 197929 9 ANNANDALE        
Digital Account Number XXXXXXXXXXXX121
",4.01,,Restaurants
Cleared,1/4/19,"EXXON CLINTON 197929 9 ANNANDALE        
Digital Account Number XXXXXXXXXXXX121
",4.48,,Restaurants
Cleared,1/3/19,"EXXON CLINTON 197929 9 ANNANDALE        
Digital Account Number XXXXXXXXXXXX121
",3.8,,Restaurants
Cleared,1/2/19,"EXXON CLINTON 197929 9 ANNANDALE        
Digital Account Number XXXXXXXXXXXX121
",3.95,,Restaurants
,,,,,
,,,,,
Cleared,10/23/19,"EXXONMOBIL    47981204 LEBANON       NJ 
",42.77,,Vehicle Services
Cleared,9/30/19,"NYCDOT PARKING METERS  LONG IS CITY  NY 
",2,,Vehicle Services
Cleared,9/7/19,"WAWA 8341     00083410 BRIDGEWATER T NJ 
",40.1,,Vehicle Services
Cleared,8/31/19,"PINE ST. GARAGE        EASTON        PA 
",9,,Vehicle Services
Cleared,8/19/19,"BOB PHILLIPS AUTO LLC  ANNANDALE     NJ 
",103.28,,Vehicle Services
Cleared,8/4/19,"GATEWAY FRONTLINE SERV MORRISTOWN    NJ 
",4,,Vehicle Services
Cleared,6/11/19,"RAY CATENA OF BRIDGEWA BRIDGEWATER   NJ 
",47.94,,Vehicle Services
Cleared,5/26/19,"SPEEDWAY 03458         CLINTON       NJ 
",16.5,,Vehicle Services
Cleared,5/3/19,"VALERO CLINTON         CLINTON       NJ 
",49.12,,Vehicle Services
Cleared,1/23/19,"SPEEDWAY 03458         CLINTON       NJ 
",36.2,,Vehicle Services
,,,,,
,,,,,
Cleared,8/31/19,"CRAYOLA EXPERIENCE     EASTON        PA 
",8.39,,Entertainment
Cleared,8/31/19,"CRAYOLA EXPERIENCE     EASTON        PA 
",31.49,,Entertainment
,,,,,
,,,,,
Cleared,5/26/19,"MARRIOTT LONG ISL F&B  UNIONDALE     NY
",3.25,,Lodging
